name,totalCount,newsCount,webCount,bookCount,newsgroupCount,magazineCount,journalCount,interviewCount,conferenceCount,enpediaCount,podcastCount,pressReCount,reportCount,thesisCount,speechCount,episodeCount,mediaCount,mediaNoCount,checkCount,newsWebCount,newsPoliCount,newsPoliUpdate
Chuck_Grassley,173,82,86,2,0,1,0,0,0,0,0,1,0,0,0,0,0,0,172,163,90.0,90.0
Mitch_McConnell,245,130,80,26,0,5,4,0,0,0,0,0,0,0,0,0,0,0,245,198,146.0,146.0
Dianne_Feinstein,145,84,54,4,0,2,0,0,0,0,0,0,0,0,0,0,1,0,144,126,59.0,59.0
Patty_Murray,76,36,35,1,0,2,1,0,0,0,0,1,0,0,0,0,0,0,76,56,21.0,21.0
Ron_Wyden,161,87,71,0,0,3,0,0,0,0,0,0,0,0,0,0,0,0,161,142,75.0,75.0
Dick_Durbin,154,57,96,0,0,0,0,0,0,0,1,0,0,0,0,0,0,0,153,123,50.0,50.0
Jack_Reed,37,21,15,0,0,0,1,0,0,0,0,0,0,0,0,0,0,0,37,31,12.0,12.0
Susan_Collins,256,139,105,1,0,3,0,2,0,0,0,5,0,0,0,0,1,0,253,227,139.0,139.0
Chuck_Schumer,281,162,114,0,0,0,2,0,0,0,0,2,0,0,0,0,1,0,280,244,156.0,156.0
Mike_Crapo,48,16,32,0,0,0,0,0,0,0,0,0,0,0,0,0,0,0,48,36,12.0,12.0
Tom_Carper,63,27,28,5,0,1,1,0,0,0,0,0,0,0,0,0,1,0,62,50,21.0,21.0
Debbie_Stabenow,127,71,47,5,0,1,0,0,0,0,0,3,0,0,0,0,0,0,127,98,29.0,29.0
Maria_Cantwell,122,51,69,1,0,1,0,0,0,0,0,0,0,0,0,0,0,0,122,97,12.0,12.0
John_Cornyn,141,47,83,5,0,3,1,0,0,0,0,1,0,0,0,1,0,0,140,113,58.0,58.0
Lisa_Murkowski,90,43,45,1,0,0,1,0,0,0,0,0,0,0,0,0,0,0,90,78,36.0,36.0
Lindsey_Graham,258,100,150,3,0,2,1,0,0,0,1,0,0,0,0,0,0,0,256,236,171.0,171.0
John_Thune,123,48,74,1,0,0,0,0,0,0,0,0,0,0,0,0,0,0,123,108,69.0,69.0
Bob_Menendez,183,83,97,2,0,1,0,0,0,0,0,0,0,0,0,0,0,0,183,160,55.0,55.0
Ben_Cardin,82,43,36,1,0,0,0,0,0,0,0,1,0,0,0,0,0,0,81,70,20.0,20.0
Bernie_Sanders,512,270,194,18,0,18,4,0,0,0,0,5,0,0,0,0,2,0,509,441,278.0,278.0
Sherrod_Brown,154,65,83,4,0,1,1,0,0,0,0,0,0,0,0,0,0,0,154,135,50.0,50.0
Bob_Casey_Jr.,146,72,70,0,0,0,0,0,0,0,0,3,0,0,0,0,1,0,145,117,26.0,26.0
Amy_Klobuchar,125,49,68,4,0,4,0,0,0,0,0,0,0,0,0,0,0,0,125,104,37.0,37.0
Sheldon_Whitehouse,69,36,32,0,0,0,1,0,0,0,0,0,0,0,0,0,0,0,69,56,34.0,34.0
Jon_Tester,94,42,51,1,0,0,0,0,0,0,0,0,0,0,0,0,0,0,94,87,40.0,40.0
John_Barrasso,58,31,27,0,0,0,0,0,0,0,0,0,0,0,0,0,0,0,58,47,27.0,27.0
Roger_Wicker,84,19,63,0,0,1,1,0,0,0,0,0,0,0,0,0,0,0,84,73,28.0,28.0
Jeanne_Shaheen,59,31,27,0,0,1,0,0,0,0,0,0,0,0,0,0,0,0,59,56,17.0,17.0
Mark_Warner,113,37,76,0,0,0,0,0,0,0,0,0,0,0,0,0,0,0,113,103,45.0,45.0
Jim_Risch,61,12,49,0,0,0,0,0,0,0,0,0,0,0,0,0,0,0,61,42,14.0,14.0
Jeff_Merkley,125,80,38,1,0,1,1,0,0,0,0,4,0,0,0,0,0,0,125,97,51.0,51.0
Michael_Bennet,119,56,56,0,0,5,1,0,0,0,0,1,0,0,0,0,0,0,119,103,36.0,36.0
Kirsten_Gillibrand,155,70,73,2,0,4,3,0,0,0,0,2,0,0,0,0,0,0,154,126,73.0,73.0
Joe_Manchin,303,133,159,2,0,7,0,0,0,0,0,2,0,0,0,0,0,0,303,259,134.0,134.0
Chris_Coons,88,39,46,0,0,1,0,0,0,0,0,1,0,0,0,0,0,0,87,74,39.0,39.0
Jerry_Moran,86,29,56,1,0,0,0,0,0,0,0,0,0,0,0,0,0,0,86,71,22.0,22.0
John_Boozman,77,10,66,1,0,0,0,0,0,0,0,0,0,0,0,0,0,0,77,63,15.0,15.0
John_Hoeven,46,15,31,0,0,0,0,0,0,0,0,0,0,0,0,0,0,0,46,37,11.0,11.0
Marco_Rubio,220,117,97,4,0,2,0,0,0,0,0,0,0,0,0,0,0,0,220,205,132.0,132.0
Ron_Johnson,157,68,88,0,0,0,1,0,0,0,0,0,0,0,0,0,0,0,157,147,84.0,84.0
Rand_Paul,377,165,182,3,0,13,1,0,0,0,0,10,0,0,0,2,0,0,374,326,228.0,228.0
Richard_Blumenthal,196,119,67,1,0,2,3,0,0,0,0,4,0,0,0,0,0,0,196,177,64.0,64.0
Mike_Lee,119,50,68,0,0,1,0,0,0,0,0,0,0,0,0,0,0,0,119,106,59.0,59.0
Brian_Schatz,93,24,67,0,0,1,1,0,0,0,0,0,0,0,0,0,0,0,93,66,14.0,14.0
Tim_Scott,117,50,66,0,0,1,0,0,0,0,0,0,0,0,0,0,0,0,117,100,54.0,54.0
Tammy_Baldwin,142,71,58,1,0,4,1,0,0,0,0,0,7,0,0,0,0,0,135,120,43.0,43.0
Chris_Murphy,119,40,77,0,0,0,1,0,0,0,0,0,0,0,0,0,0,0,118,101,31.0,31.0
Mazie_Hirono,82,29,49,1,0,2,0,0,0,0,0,0,0,0,0,0,1,0,81,66,14.0,14.0
Martin_Heinrich,74,22,52,0,0,0,0,0,0,0,0,0,0,0,0,0,0,0,74,60,10.0,10.0
Angus_King,144,78,63,0,0,0,1,1,0,0,0,0,0,0,0,0,1,0,142,132,32.0,32.0
Tim_Kaine,209,133,66,2,0,0,2,1,0,0,0,5,0,0,0,0,0,0,208,190,117.0,117.0
Ted_Cruz,386,235,137,8,0,2,2,1,0,0,0,0,0,0,0,0,0,0,384,356,205.0,205.0
Elizabeth_Warren,266,133,90,14,0,14,12,0,0,0,0,2,0,0,0,1,0,0,265,207,140.0,140.0
Deb_Fischer,25,5,19,1,0,0,0,0,0,0,0,0,0,0,0,0,0,0,25,17,4.0,4.0
Ed_Markey,150,81,65,2,0,1,1,0,0,0,0,0,0,0,0,0,0,0,150,131,53.0,53.0
Cory_Booker,226,84,131,2,0,5,1,3,0,0,0,0,0,0,0,0,0,0,223,175,102.0,102.0
Shelley_Moore_Capito,265,72,188,1,0,2,1,0,0,0,0,1,0,0,0,0,0,0,265,224,100.0,100.0
Gary_Peters,96,36,60,0,0,0,0,0,0,0,0,0,0,0,0,0,0,0,96,76,23.0,23.0
Bill_Cassidy,70,32,38,0,0,0,0,0,0,0,0,0,0,0,0,0,0,0,70,56,25.0,25.0
James_Lankford,54,20,33,1,0,0,0,0,0,0,0,0,0,0,0,0,0,0,54,44,19.0,19.0
Tom_Cotton,198,112,75,0,0,6,1,0,0,0,0,4,0,0,0,0,0,0,198,180,119.0,119.0
Steve_Daines,102,24,78,0,0,0,0,0,0,0,0,0,0,0,0,0,0,0,102,95,31.0,31.0
Mike_Rounds,69,20,49,0,0,0,0,0,0,0,0,0,0,0,0,0,0,0,69,43,21.0,21.0
Thom_Tillis,136,50,86,0,0,0,0,0,0,0,0,0,0,0,0,0,0,0,136,129,62.0,62.0
Joni_Ernst,223,106,115,0,0,2,0,0,0,0,0,0,0,0,0,0,0,0,223,216,97.0,97.0
Ben_Sasse,110,43,61,2,0,1,1,0,0,0,0,1,0,1,0,0,0,0,109,91,48.0,48.0
Dan_Sullivan,60,14,46,0,0,0,0,0,0,0,0,0,0,0,0,0,0,0,60,55,28.0,28.0
Chris_Van_Hollen,79,28,50,0,0,0,0,0,0,0,0,1,0,0,0,0,0,0,79,63,17.0,17.0
Todd_Young,97,42,53,1,0,0,1,0,0,0,0,0,0,0,0,0,0,0,97,82,28.0,28.0
Tammy_Duckworth,149,75,68,2,0,1,1,0,0,0,0,1,0,0,0,0,1,0,148,127,58.0,58.0
Maggie_Hassan,96,45,50,0,0,0,0,0,0,0,1,0,0,0,0,0,0,0,95,83,25.0,25.0
John_Neely_Kennedy,66,30,36,0,0,0,0,0,0,0,0,0,0,0,0,0,0,0,66,53,20.0,20.0
Catherine_Cortez_Masto,57,33,22,1,0,0,0,0,0,0,0,0,0,0,0,0,0,0,56,51,19.0,19.0
Tina_Smith,78,42,34,1,0,0,0,0,0,0,0,0,0,0,0,0,0,0,77,67,16.0,16.0
Cindy_Hyde-Smith,122,57,65,0,0,0,0,0,0,0,0,0,0,0,0,0,0,0,122,97,35.0,35.0
Marsha_Blackburn,124,59,63,0,0,1,1,0,0,0,0,0,0,0,0,0,0,0,124,110,50.0,50.0
Kyrsten_Sinema,229,87,136,4,0,1,0,0,0,0,0,1,0,0,0,0,0,0,229,203,93.0,93.0
Kevin_Cramer,111,32,79,0,0,0,0,0,0,0,0,0,0,0,0,0,0,0,111,96,42.0,42.0
Jacky_Rosen,43,26,16,0,0,0,0,0,0,0,0,0,0,0,0,0,0,0,42,38,16.0,16.0
Mitt_Romney,521,394,90,25,0,1,1,1,2,0,0,3,0,0,1,0,0,0,514,472,295.0,295.0
Mike_Braun,73,36,37,0,0,0,0,0,0,0,0,0,0,0,0,0,0,0,73,65,27.0,27.0
Josh_Hawley,269,115,143,7,0,2,2,0,0,0,0,0,0,0,0,0,0,0,269,238,133.0,133.0
Rick_Scott,234,128,105,0,0,1,0,0,0,0,0,0,0,0,0,0,0,0,234,219,94.0,94.0
Mark_Kelly,105,44,54,6,0,0,1,0,0,0,0,0,0,0,0,0,0,0,105,88,35.0,35.0
Ben_Ray_Luján,34,11,23,0,0,0,0,0,0,0,0,0,0,0,0,0,0,0,34,25,8.0,8.0
Cynthia_Lummis,201,190,10,0,0,0,0,0,0,0,0,0,0,0,0,0,0,0,200,198,18.0,18.0
Roger_Marshall,52,23,28,0,0,0,0,0,0,0,0,1,0,0,0,0,0,0,52,39,15.0,15.0
John_Hickenlooper,131,60,60,6,0,4,0,0,0,0,0,0,0,0,0,0,1,0,130,114,31.0,31.0
Bill_Hagerty,60,39,20,0,0,0,0,0,0,0,0,0,1,0,0,0,0,0,59,52,16.0,16.0
Tommy_Tuberville,90,29,61,0,0,0,0,0,0,0,0,0,0,0,0,0,0,0,90,76,28.0,28.0
Alex_Padilla,87,21,66,0,0,0,0,0,0,0,0,0,0,0,0,0,0,0,87,74,26.0,26.0
Jon_Ossoff,137,96,35,0,0,1,0,0,0,0,0,1,0,0,0,0,0,0,133,126,66.0,66.0
Raphael_Warnock,158,82,70,3,0,2,0,0,0,0,0,0,0,0,0,0,0,0,157,140,62.0,62.0
Peter_Welch,32,7,24,0,0,0,0,0,0,0,0,0,0,0,0,0,0,0,31,26,9.0,9.0
Markwayne_Mullin,64,18,46,0,0,0,0,0,0,0,0,0,0,0,0,0,0,0,64,47,20.0,20.0
Ted_Budd,47,19,28,0,0,0,0,0,0,0,0,0,0,0,0,0,0,0,47,39,19.0,19.0
John_Fetterman,182,74,98,0,0,5,1,0,0,0,0,1,0,0,0,1,1,0,179,158,58.0,58.0
J._D._Vance,79,61,9,2,0,6,0,0,0,0,0,1,0,0,0,0,0,0,79,68,36.0,36.0
Eric_Schmitt,113,51,60,0,0,1,0,0,0,0,0,0,0,0,0,0,0,0,112,99,24.0,24.0
Katie_Britt,57,2,54,0,0,0,0,0,0,0,0,0,0,0,0,0,0,0,56,46,4.0,4.0
Pete_Ricketts,45,17,26,0,0,0,0,0,0,0,0,0,0,0,0,0,0,0,43,34,11.0,11.0
Patrick_Leahy,227,139,76,10,0,1,1,0,0,0,0,0,0,0,0,0,0,0,227,194,110.0,110.0
Orrin_Hatch,181,68,102,4,0,4,1,0,0,0,0,2,0,0,0,0,0,0,181,150,67.0,67.0
Thad_Cochran,100,40,55,1,0,2,2,0,0,0,0,0,0,0,0,0,0,0,100,81,41.0,41.0
Richard_Shelby,102,49,52,1,0,0,0,0,0,0,0,0,0,0,0,0,0,0,102,79,45.0,45.0
John_McCain,142,87,47,7,0,1,0,0,0,0,0,0,0,0,0,0,0,0,142,120,84.0,84.0
Jim_Inhofe,151,36,106,4,0,2,1,1,0,1,0,0,0,0,0,0,0,0,149,118,47.0,47.0
Pat_Roberts,71,38,32,1,0,0,0,0,0,0,0,0,0,0,0,0,0,0,71,60,36.0,36.0
Jeff_Sessions,284,204,66,2,0,4,1,0,0,0,0,3,0,0,0,0,0,0,280,259,195.0,195.0
Mike_Enzi,147,146,0,0,0,0,0,0,0,0,0,0,1,0,0,0,0,0,146,146,9.0,9.0
Bill_Nelson,148,60,86,1,0,1,0,0,0,0,0,0,0,0,0,0,0,0,148,132,51.0,51.0
Lamar_Alexander,89,36,45,1,0,1,3,0,0,0,0,0,2,0,1,0,0,0,86,69,25.0,25.0
Richard_Burr,132,42,85,0,0,1,0,0,0,0,0,3,0,0,0,0,0,0,131,118,61.0,61.0
Johnny_Isakson,63,19,44,0,0,0,0,0,0,0,0,0,0,0,0,0,0,0,63,48,12.0,12.0
Bob_Corker,164,114,47,0,0,3,0,0,0,0,0,0,0,0,0,0,0,0,164,140,68.0,68.0
Claire_McCaskill,106,40,60,2,0,3,0,0,0,0,0,0,0,0,0,0,0,0,105,87,45.0,45.0
Tom_Udall,44,17,24,0,0,0,0,0,0,0,0,2,0,0,0,0,0,0,43,35,15.0,15.0
Al_Franken,159,87,65,2,0,4,0,0,0,1,0,0,0,0,0,0,0,0,158,129,75.0,75.0
Roy_Blunt,118,38,80,0,0,0,0,0,0,0,0,0,0,0,0,0,0,0,118,105,48.0,48.0
Rob_Portman,208,120,76,3,0,3,2,0,0,1,0,3,0,0,0,0,0,0,207,181,82.0,82.0
Pat_Toomey,149,80,66,1,0,0,0,0,0,0,0,1,0,0,0,1,0,0,148,140,54.0,54.0
Dean_Heller,104,43,60,0,0,0,0,0,0,0,0,0,0,0,0,1,0,0,103,97,45.0,45.0
Jeff_Flake,114,60,49,1,0,0,0,0,0,0,0,1,0,0,0,0,0,0,111,106,59.0,59.0
Joe_Donnelly,156,77,75,0,0,2,0,0,0,0,0,1,0,0,0,0,0,0,155,138,47.0,47.0
Heidi_Heitkamp,104,59,41,1,0,2,0,0,0,0,0,0,0,0,0,0,0,0,103,89,55.0,55.0
Cory_Gardner,132,58,71,0,0,3,0,0,0,0,0,0,0,0,0,0,0,0,132,116,41.0,41.0
David_Perdue,150,68,77,1,0,2,0,0,0,0,0,2,0,0,0,0,0,0,150,137,76.0,76.0
Kamala_Harris,367,226,130,4,0,4,1,0,0,0,0,2,0,0,0,0,0,0,367,329,161.0,161.0
Luther_Strange,31,7,24,0,0,0,0,0,0,0,0,0,0,0,0,0,0,0,31,22,11.0,11.0
Doug_Jones,134,96,36,0,0,1,0,0,0,0,0,1,0,0,0,0,0,0,134,122,47.0,47.0
Jon_Kyl,53,21,28,3,0,1,0,0,0,0,0,0,0,0,0,0,0,0,53,43,20.0,20.0
Kelly_Loeffler,100,37,62,0,0,1,0,0,0,0,0,0,0,0,0,0,0,0,100,88,59.0,59.0
Martha_McSally,170,89,78,0,0,2,1,0,0,0,0,0,0,0,0,0,0,0,170,151,66.0,66.0
Barbara_Mikulski,59,14,40,5,0,0,0,0,0,0,0,0,0,0,0,0,0,0,59,43,19.0,19.0
Harry_Reid,136,60,74,0,0,1,0,0,0,0,0,0,1,0,0,0,0,0,135,122,70.0,70.0
Barbara_Boxer,96,25,71,0,0,0,0,0,0,0,0,0,0,0,0,0,0,0,96,76,31.0,31.0
David_Vitter,172,73,97,0,0,2,0,0,0,0,0,0,0,0,0,0,0,0,172,151,40.0,40.0
Mark_Kirk,113,82,24,0,0,5,0,0,0,0,0,2,0,0,0,0,0,0,113,100,54.0,54.0
Dan_Coats,60,24,35,0,0,0,0,0,0,0,0,0,1,0,0,0,0,0,59,50,28.0,28.0
Kelly_Ayotte,142,59,76,0,0,1,1,0,0,0,1,4,0,0,0,0,0,0,141,126,39.0,39.0
John_Conyers,96,34,51,1,0,6,3,0,0,0,0,1,0,0,0,0,0,0,96,76,33.0,33.0
Charles_Rangel,186,154,15,10,0,1,0,0,0,1,0,5,0,0,0,0,0,0,185,165,105.0,105.0
Don_Young,181,57,116,0,0,2,0,0,0,0,0,5,1,0,0,0,0,0,180,158,49.0,49.0
Jim_Sensenbrenner,75,13,32,1,0,0,1,0,0,0,0,0,28,0,0,0,0,0,47,42,13.0,13.0
Hal_Rogers,65,14,50,0,0,1,0,0,0,0,0,0,0,0,0,0,0,0,65,55,15.0,15.0
Chris_Smith,108,21,85,0,0,0,2,0,0,0,0,0,0,0,0,0,0,0,108,98,27.0,27.0
Steny_Hoyer,68,31,37,0,0,0,0,0,0,0,0,0,0,0,0,0,0,0,68,55,26.0,26.0
Marcy_Kaptur,68,19,43,4,0,1,0,0,0,0,0,1,0,0,0,0,0,0,68,54,12.0,12.0
Sander_Levin,28,11,16,1,0,0,0,0,0,0,0,0,0,0,0,0,0,0,28,26,5.0,5.0
Joe_Barton,93,34,58,0,0,1,0,0,0,0,0,0,0,0,0,0,0,0,93,79,32.0,32.0
Pete_Visclosky,26,1,25,0,0,0,0,0,0,0,0,0,0,0,0,0,0,0,26,23,4.0,4.0
Peter_DeFazio,85,13,70,0,0,2,0,0,0,0,0,0,0,0,0,0,0,0,85,66,19.0,19.0
John_Lewis,277,99,155,11,0,6,4,0,0,0,0,1,0,0,0,1,0,0,276,191,85.0,85.0
Louise_Slaughter,51,11,38,0,0,0,2,0,0,0,0,0,0,0,0,0,0,0,51,31,12.0,12.0
Lamar_Smith,58,16,41,1,0,0,0,0,0,0,0,0,0,0,0,0,0,0,58,54,18.0,18.0
Fred_Upton,93,31,62,0,0,0,0,0,0,0,0,0,0,0,0,0,0,0,93,87,37.0,37.0
Nancy_Pelosi,333,236,69,13,0,7,1,0,0,0,0,5,0,0,0,0,0,0,331,296,207.0,207.0
Jimmy_Duncan,28,9,19,0,0,0,0,0,0,0,0,0,0,0,0,0,0,0,28,23,4.0,4.0
Frank_Pallone,33,11,22,0,0,0,0,0,0,0,0,0,0,0,0,0,0,0,33,25,11.0,11.0
Eliot_Engel,99,25,68,2,0,0,0,0,0,0,0,3,0,0,0,0,1,0,98,70,27.0,27.0
Nita_Lowey,26,6,19,1,0,0,0,0,0,0,0,0,0,0,0,0,0,0,26,19,7.0,7.0
Jim_McDermott,52,23,29,0,0,0,0,0,0,0,0,0,0,0,0,0,0,0,52,34,14.0,14.0
Richard_Neal,21,4,17,0,0,0,0,0,0,0,0,0,0,0,0,0,0,0,21,17,6.0,6.0
Dana_Rohrabacher,195,124,52,4,0,4,0,0,0,0,0,8,0,0,0,0,0,0,192,165,93.0,93.0
Ileana_Ros-Lehtinen,71,20,49,1,0,1,0,0,0,0,0,0,0,0,0,0,0,0,71,60,20.0,20.0
José_E._Serrano,31,5,26,0,0,0,0,0,0,0,0,0,0,0,0,0,0,0,31,26,7.0,7.0
David_Price,69,11,58,0,0,0,0,0,0,0,0,0,0,0,0,0,0,0,69,64,5.0,5.0
John_Boehner,106,55,43,4,0,1,1,0,1,0,0,0,0,0,0,0,0,0,104,91,56.0,56.0
Rosa_DeLauro,62,24,37,1,0,0,0,0,0,0,0,0,0,0,0,0,0,0,62,50,20.0,20.0
Collin_Peterson,76,17,57,1,0,0,0,0,0,0,0,1,0,0,0,0,0,0,76,65,20.0,20.0
Maxine_Waters,165,54,105,1,0,4,0,1,0,0,0,0,0,0,0,0,0,0,164,141,66.0,66.0
Sam_Johnson,56,18,35,3,0,0,0,0,0,0,0,0,0,0,0,0,0,0,56,47,10.0,10.0
Jerry_Nadler,46,19,26,0,0,0,0,0,0,0,0,1,0,0,0,0,0,0,46,41,22.0,22.0
Jim_Cooper,76,26,46,1,0,0,3,0,0,0,0,0,0,0,0,0,0,0,76,61,21.0,21.0
Xavier_Becerra,115,45,68,2,0,0,0,0,0,0,0,0,0,0,0,0,0,0,115,110,45.0,45.0
Sanford_Bishop,53,5,47,1,0,0,0,0,0,0,0,0,0,0,0,0,0,0,53,40,9.0,9.0
Corrine_Brown,48,9,39,0,0,0,0,0,0,0,0,0,0,0,0,0,0,0,48,39,12.0,12.0
Ken_Calvert,32,10,22,0,0,0,0,0,0,0,0,0,0,0,0,0,0,0,32,30,7.0,7.0
Jim_Clyburn,66,27,38,1,0,0,0,0,0,0,0,0,0,0,0,0,0,0,66,61,30.0,30.0
Anna_Eshoo,81,17,61,0,0,2,1,0,0,0,0,0,0,0,0,0,0,0,81,58,6.0,6.0
Bob_Goodlatte,33,9,24,0,0,0,0,0,0,0,0,0,0,0,0,0,0,0,33,29,11.0,11.0
Gene_Green,7,3,4,0,0,0,0,0,0,0,0,0,0,0,0,0,0,0,7,5,,0.0
Luis_Gutiérrez,74,37,33,2,0,2,0,0,0,0,0,0,0,0,0,0,0,0,74,61,26.0,26.0
Alcee_Hastings,46,16,28,1,0,0,1,0,0,0,0,0,0,0,0,0,0,0,46,41,16.0,16.0
Eddie_Bernice_Johnson,42,8,33,1,0,0,0,0,0,0,0,0,0,0,0,0,0,0,42,34,12.0,12.0
Peter_T._King,128,73,50,3,0,2,0,0,0,0,0,0,0,0,0,0,0,0,128,111,60.0,60.0
Carolyn_Maloney,132,34,94,0,0,0,3,0,0,0,0,0,0,0,0,0,0,0,131,102,51.0,51.0
John_Mica,36,11,22,2,0,0,1,0,0,0,0,0,0,0,0,0,0,0,36,33,6.0,6.0
Lucille_Roybal-Allard,17,0,17,0,0,0,0,0,0,0,0,0,0,0,0,0,0,0,17,11,2.0,2.0
Ed_Royce,54,21,33,0,0,0,0,0,0,0,0,0,0,0,0,0,0,0,54,44,21.0,21.0
Bobby_Rush,105,52,49,2,0,1,0,0,0,0,0,1,0,0,0,0,0,0,105,96,37.0,37.0
Bobby_Scott,30,12,17,1,0,0,0,0,0,0,0,0,0,0,0,0,0,0,30,26,7.0,7.0
Nydia_Velázquez,13,3,10,0,0,0,0,0,0,0,0,0,0,0,0,0,0,0,13,11,2.0,2.0
Bennie_Thompson,45,18,25,2,0,0,0,0,0,0,0,0,0,0,0,0,0,0,45,38,21.0,21.0
Sam_Farr,14,0,14,0,0,0,0,0,0,0,0,0,0,0,0,0,0,0,14,10,2.0,2.0
Frank_Lucas,8,0,8,0,0,0,0,0,0,0,0,0,0,0,0,0,0,0,8,6,1.0,1.0
Lloyd_Doggett,63,17,45,1,0,0,0,0,0,0,0,0,0,0,0,0,0,0,63,51,16.0,16.0
Mike_Doyle,36,6,30,0,0,0,0,0,0,0,0,0,0,0,0,0,0,0,36,28,4.0,4.0
Chaka_Fattah,75,16,55,0,0,1,0,0,0,1,0,2,0,0,0,0,0,0,74,51,5.0,5.0
Rodney_Frelinghuysen,71,26,42,2,0,1,0,0,0,0,0,0,0,0,0,0,0,0,71,60,26.0,26.0
Sheila_Jackson_Lee,69,28,36,2,0,3,0,0,0,0,0,0,0,0,0,0,0,0,69,58,23.0,23.0
Walter_B._Jones_Jr.,74,21,49,2,0,2,0,0,0,0,0,0,0,0,0,0,0,0,74,60,22.0,22.0
Frank_LoBiondo,29,13,16,0,0,0,0,0,0,0,0,0,0,0,0,0,0,0,29,28,4.0,4.0
Zoe_Lofgren,65,27,35,3,0,0,0,0,0,0,0,0,0,0,0,0,0,0,65,54,16.0,16.0
Mac_Thornberry,46,3,42,1,0,0,0,0,0,0,0,0,0,0,0,0,0,0,46,36,5.0,5.0
Ed_Whitfield,9,1,8,0,0,0,0,0,0,0,0,0,0,0,0,0,0,0,9,6,1.0,1.0
Elijah_Cummings,68,32,34,2,0,0,0,0,0,0,0,0,0,0,0,0,0,0,68,55,21.0,21.0
Earl_Blumenauer,56,15,40,0,0,0,0,0,0,0,0,0,0,0,0,0,0,0,55,41,13.0,13.0
Robert_Aderholt,62,12,48,2,0,0,0,0,0,0,0,0,0,0,0,0,0,0,62,49,13.0,13.0
Kevin_Brady,58,22,34,0,0,0,1,0,0,0,0,1,0,0,0,0,0,0,58,53,18.0,18.0
Danny_K._Davis,62,15,46,0,0,0,0,0,0,0,0,1,0,0,0,0,0,0,62,52,11.0,11.0
Diana_DeGette,26,1,25,0,0,0,0,0,0,0,0,0,0,0,0,0,0,0,26,22,2.0,2.0
Kay_Granger,55,5,48,2,0,0,0,0,0,0,0,0,0,0,0,0,0,0,55,45,15.0,15.0
Rubén_Hinojosa,18,8,9,1,0,0,0,0,0,0,0,0,0,0,0,0,0,0,18,17,4.0,4.0
Ron_Kind,82,41,22,0,0,1,0,0,0,0,0,2,16,0,0,0,0,0,66,59,14.0,14.0
Jim_McGovern,77,30,41,2,0,0,1,0,0,0,0,2,0,0,0,1,0,0,76,60,21.0,21.0
Bill_Pascrell,36,8,27,0,0,1,0,0,0,0,0,0,0,0,0,0,0,0,36,32,3.0,3.0
Joe_Pitts,24,6,17,1,0,0,0,0,0,0,0,0,0,0,0,0,0,0,24,19,6.0,6.0
Loretta_Sanchez,60,22,38,0,0,0,0,0,0,0,0,0,0,0,0,0,0,0,60,49,19.0,19.0
Pete_Sessions,84,39,42,1,0,0,1,0,0,0,0,1,0,0,0,0,0,0,84,78,44.0,44.0
Brad_Sherman,112,38,74,0,0,0,0,0,0,0,0,0,0,0,0,0,0,0,112,93,31.0,31.0
John_Shimkus,42,3,39,0,0,0,0,0,0,0,0,0,0,0,0,0,0,0,42,38,4.0,4.0
Adam_Smith,30,9,21,0,0,0,0,0,0,0,0,0,0,0,0,0,0,0,30,26,7.0,7.0
Gregory_Meeks,30,10,20,0,0,0,0,0,0,0,0,0,0,0,0,0,0,0,30,24,10.0,10.0
Lois_Capps,16,3,13,0,0,0,0,0,0,0,0,0,0,0,0,0,0,0,16,14,6.0,6.0
Barbara_Lee,95,26,64,1,0,0,0,0,0,0,0,3,0,0,0,0,0,0,94,79,24.0,24.0
Bob_Brady,50,7,42,1,0,0,0,0,0,0,0,0,0,0,0,0,0,0,50,42,5.0,5.0
Steve_Chabot,47,15,32,0,0,0,0,0,0,0,0,0,0,0,0,0,0,0,47,44,12.0,12.0
Mike_Capuano,53,16,34,2,0,1,0,0,0,0,0,0,0,0,0,0,0,0,53,42,11.0,11.0
Joe_Crowley,64,25,38,1,0,0,0,0,0,0,0,0,0,0,0,0,0,0,64,56,22.0,22.0
John_B._Larson,11,1,10,0,0,0,0,0,0,0,0,0,0,0,0,0,0,0,11,7,1.0,1.0
Grace_Napolitano,22,5,15,0,0,0,2,0,0,0,0,0,0,0,0,0,0,0,22,18,7.0,7.0
Paul_Ryan,223,145,66,2,0,5,0,0,0,0,0,4,0,0,0,0,1,1,222,200,146.0,146.0
Jan_Schakowsky,70,7,61,2,0,0,0,0,0,0,0,0,0,0,0,0,0,0,70,52,10.0,10.0
Mike_Simpson,77,12,63,1,0,0,0,0,0,0,0,1,0,0,0,0,0,0,77,54,19.0,19.0
Mike_Thompson,42,7,35,0,0,0,0,0,0,0,0,0,0,0,0,0,0,0,42,31,5.0,5.0
Greg_Walden,25,10,15,0,0,0,0,0,0,0,0,0,0,0,0,0,0,0,25,17,5.0,5.0
Lacy_Clay,33,5,26,2,0,0,0,0,0,0,0,0,0,0,0,0,0,0,33,31,3.0,3.0
Ander_Crenshaw,9,1,8,0,0,0,0,0,0,0,0,0,0,0,0,0,0,0,9,7,,0.0
John_Culberson,41,23,17,0,0,0,1,0,0,0,0,0,0,0,0,0,0,0,41,39,14.0,14.0
Susan_Davis,19,2,16,1,0,0,0,0,0,0,0,0,0,0,0,0,0,0,19,15,3.0,3.0
Sam_Graves,13,5,8,0,0,0,0,0,0,0,0,0,0,0,0,0,0,0,13,8,1.0,1.0
Mike_Honda,80,15,65,0,0,0,0,0,0,0,0,0,0,0,0,0,0,0,80,69,18.0,18.0
Steve_Israel,35,15,17,3,0,0,0,0,0,0,0,0,0,0,0,0,0,0,35,27,12.0,12.0
Darrell_Issa,133,58,65,3,0,3,2,0,0,0,0,0,0,0,0,1,0,0,131,107,52.0,52.0
James_Langevin,33,5,27,1,0,0,0,0,0,0,0,0,0,0,0,0,0,0,33,28,3.0,3.0
Rick_Larsen,45,3,42,0,0,0,0,0,0,0,0,0,0,0,0,0,0,0,45,34,3.0,3.0
Betty_McCollum,34,2,32,0,0,0,0,0,0,0,0,0,0,0,0,0,0,0,34,31,3.0,3.0
Adam_Schiff,133,69,58,2,0,2,1,0,0,0,0,0,0,0,0,0,0,0,132,116,60.0,60.0
Pat_Tiberi,86,42,44,0,0,0,0,0,0,0,0,0,0,0,0,0,0,0,86,78,25.0,25.0
Bill_Shuster,38,6,32,0,0,0,0,0,0,0,0,0,0,0,0,0,0,0,38,30,5.0,5.0
Randy_Forbes,22,9,13,0,0,0,0,0,0,0,0,0,0,0,0,0,0,0,22,19,4.0,4.0
Stephen_F._Lynch,77,42,27,8,0,0,0,0,0,0,0,0,0,0,0,0,0,0,77,64,11.0,11.0
Jeff_Miller,30,5,25,0,0,0,0,0,0,0,0,0,0,0,0,0,0,0,30,27,6.0,6.0
Joe_Wilson,84,29,53,0,0,1,0,0,0,0,0,1,0,0,0,0,0,0,84,68,33.0,33.0
Rob_Bishop,37,12,24,1,0,0,0,0,0,0,0,0,0,0,0,0,0,0,37,31,8.0,8.0
Michael_C._Burgess,44,12,28,1,0,1,1,0,0,0,0,0,0,0,1,0,0,0,43,36,17.0,17.0
John_Carter,26,8,18,0,0,0,0,0,0,0,0,0,0,0,0,0,0,0,26,23,11.0,11.0
Tom_Cole,23,7,15,0,0,0,0,0,0,0,0,0,0,0,1,0,0,0,22,21,8.0,8.0
Mario_Díaz-Balart,54,21,32,0,0,0,0,0,0,0,0,1,0,0,0,0,0,0,54,50,19.0,19.0
Trent_Franks,81,32,48,0,0,0,1,0,0,0,0,0,0,0,0,0,0,0,81,77,24.0,24.0
Scott_Garrett,40,17,23,0,0,0,0,0,0,0,0,0,0,0,0,0,0,0,40,37,20.0,20.0
Raúl_Grijalva,89,20,68,1,0,0,0,0,0,0,0,0,0,0,0,0,0,0,89,74,31.0,31.0
Jeb_Hensarling,45,22,23,0,0,0,0,0,0,0,0,0,0,0,0,0,0,0,45,40,19.0,19.0
Steve_King,218,111,102,0,0,3,0,0,0,0,0,1,0,0,0,0,0,0,217,194,123.0,123.0
John_Kline,30,1,29,0,0,0,0,0,0,0,0,0,0,0,0,0,0,0,30,26,8.0,8.0
Candice_Miller,69,19,48,1,0,0,0,0,0,0,0,0,0,0,0,0,0,0,68,55,5.0,5.0
Tim_Murphy,67,20,45,0,0,1,0,0,0,0,0,0,0,0,0,0,1,0,66,59,17.0,17.0
Devin_Nunes,166,74,85,1,0,5,0,0,0,0,0,0,0,0,0,0,1,0,165,148,92.0,92.0
Mike_Rogers,79,11,68,0,0,0,0,0,0,0,0,0,0,0,0,0,0,0,79,60,14.0,14.0
Dutch_Ruppersberger,21,11,10,0,0,0,0,0,0,0,0,0,0,0,0,0,0,0,21,19,3.0,3.0
Tim_Ryan,56,18,34,2,0,2,0,0,0,0,0,0,0,0,0,0,0,0,56,46,24.0,24.0
Linda_Sánchez,38,12,25,1,0,0,0,0,0,0,0,0,0,0,0,0,0,0,38,34,8.0,8.0
David_Scott,22,7,14,0,0,0,0,0,0,0,0,0,1,0,0,0,0,0,21,20,7.0,7.0
Mike_Turner,63,10,51,1,0,0,1,0,0,0,0,0,0,0,0,0,0,0,63,42,9.0,9.0
Randy_Neugebauer,36,11,25,0,0,0,0,0,0,0,0,0,0,0,0,0,0,0,36,32,8.0,8.0
G._K._Butterfield,42,14,28,0,0,0,0,0,0,0,0,0,0,0,0,0,0,0,42,32,9.0,9.0
Charles_Boustany,26,1,22,2,0,1,0,0,0,0,0,0,0,0,0,0,0,0,26,14,4.0,4.0
Emanuel_Cleaver,18,5,13,0,0,0,0,0,0,0,0,0,0,0,0,0,0,0,18,15,4.0,4.0
Mike_Conaway,19,6,12,0,0,0,0,0,0,0,0,1,0,0,0,0,0,0,19,15,8.0,8.0
Jim_Costa,35,12,23,0,0,0,0,0,0,0,0,0,0,0,0,0,0,0,35,32,12.0,12.0
Henry_Cuellar,63,29,33,0,0,1,0,0,0,0,0,0,0,0,0,0,0,0,63,57,24.0,24.0
Charlie_Dent,44,19,23,1,0,1,0,0,0,0,0,0,0,0,0,0,0,0,44,40,18.0,18.0
Jeff_Fortenberry,70,16,53,0,0,1,0,0,0,0,0,0,0,0,0,0,0,0,70,55,15.0,15.0
Virginia_Foxx,52,17,35,0,0,0,0,0,0,0,0,0,0,0,0,0,0,0,52,47,22.0,22.0
Louie_Gohmert,137,62,72,0,0,0,0,1,0,0,0,1,0,0,0,0,0,0,135,114,60.0,60.0
Al_Green,23,2,19,0,0,1,0,0,0,0,0,1,0,0,0,0,0,0,23,18,8.0,8.0
Brian_Higgins,44,3,37,0,0,0,0,0,0,0,0,0,0,0,0,0,0,0,40,34,1.0,1.0
Dan_Lipinski,82,25,56,0,0,0,1,0,0,0,0,0,0,0,0,0,0,0,82,70,24.0,24.0
Kenny_Marchant,22,10,12,0,0,0,0,0,0,0,0,0,0,0,0,0,0,0,22,20,7.0,7.0
Michael_McCaul,22,6,16,0,0,0,0,0,0,0,0,0,0,0,0,0,0,0,22,16,7.0,7.0
Patrick_McHenry,33,7,26,0,0,0,0,0,0,0,0,0,0,0,0,0,0,0,33,17,10.0,10.0
Cathy_McMorris_Rodgers,115,41,64,1,0,0,9,0,0,0,0,0,0,0,0,0,0,0,115,84,29.0,29.0
Gwen_Moore,41,7,15,0,0,0,0,0,0,0,0,0,19,0,0,0,0,0,22,19,7.0,7.0
Ted_Poe,45,10,33,1,0,0,0,0,0,0,0,0,0,0,0,0,0,0,44,36,15.0,15.0
Tom_Price,248,59,171,0,0,2,1,0,0,0,0,13,0,0,0,0,0,0,246,227,56.0,56.0
Dave_Reichert,56,21,34,1,0,0,0,0,0,0,0,0,0,0,0,0,0,0,56,27,8.0,8.0
Debbie_Wasserman_Schultz,128,57,70,0,0,1,0,0,0,0,0,0,0,0,0,0,0,0,128,114,57.0,57.0
Lynn_Westmoreland,18,9,9,0,0,0,0,0,0,0,0,0,0,0,0,0,0,0,18,17,6.0,6.0
Doris_Matsui,20,5,14,1,0,0,0,0,0,0,0,0,0,0,0,0,0,0,20,17,3.0,3.0
Albio_Sires,19,11,8,0,0,0,0,0,0,0,0,0,0,0,0,0,0,0,19,18,5.0,5.0
Steve_Pearce,46,14,32,0,0,0,0,0,0,0,0,0,0,0,0,0,0,0,46,40,11.0,11.0
Gus_Bilirakis,37,12,24,0,0,0,0,0,0,0,0,1,0,0,0,0,0,0,37,30,10.0,10.0
Vern_Buchanan,55,20,35,0,0,0,0,0,0,0,0,0,0,0,0,0,0,0,55,50,14.0,14.0
Kathy_Castor,28,13,15,0,0,0,0,0,0,0,0,0,0,0,0,0,0,0,28,26,3.0,3.0
Yvette_Clarke,72,44,27,1,0,0,0,0,0,0,0,0,0,0,0,0,0,0,72,65,19.0,19.0
Steve_Cohen,64,18,39,0,0,1,0,0,0,0,0,5,0,0,0,0,0,0,63,52,12.0,12.0
Joe_Courtney,34,10,24,0,0,0,0,0,0,0,0,0,0,0,0,0,0,0,34,31,10.0,10.0
Keith_Ellison,200,102,88,1,0,5,1,0,0,0,0,1,0,0,0,0,0,0,198,168,60.0,60.0
Hank_Johnson,61,21,36,0,0,3,1,0,0,0,0,0,0,0,0,0,0,0,61,53,8.0,8.0
Jim_Jordan,145,49,87,2,0,2,0,1,0,0,0,3,0,0,0,0,0,0,143,127,87.0,87.0
Doug_Lamborn,58,19,39,0,0,0,0,0,0,0,0,0,0,0,0,0,0,0,58,51,13.0,13.0
Dave_Loebsack,13,4,9,0,0,0,0,0,0,0,0,0,0,0,0,0,0,0,13,10,2.0,2.0
Kevin_McCarthy,187,87,92,0,0,1,0,1,0,0,0,1,0,0,0,0,0,0,181,170,132.0,132.0
Jerry_McNerney,25,14,11,0,0,0,0,0,0,0,0,0,0,0,0,0,0,0,25,20,6.0,6.0
Ed_Perlmutter,26,7,16,0,0,0,0,0,0,0,0,3,0,0,0,0,0,0,26,19,2.0,2.0
Peter_Roskam,94,31,62,0,0,0,0,0,0,0,0,1,0,0,0,0,0,0,94,76,20.0,20.0
John_Sarbanes,11,1,9,0,0,0,1,0,0,0,0,0,0,0,0,0,0,0,11,6,1.0,1.0
Adrian_Smith,27,8,18,0,0,0,0,0,0,0,0,1,0,0,0,0,0,0,27,23,6.0,6.0
Tim_Walz,78,20,57,0,0,0,0,0,0,0,0,1,0,0,0,0,0,0,78,63,3.0,3.0
John_Yarmuth,58,17,41,0,0,0,0,0,0,0,0,0,0,0,0,0,0,0,58,54,8.0,8.0
Niki_Tsongas,40,12,28,0,0,0,0,0,0,0,0,0,0,0,0,0,0,0,40,30,6.0,6.0
Bob_Latta,18,5,13,0,0,0,0,0,0,0,0,0,0,0,0,0,0,0,18,14,5.0,5.0
Rob_Wittman,41,6,35,0,0,0,0,0,0,0,0,0,0,0,0,0,0,0,41,33,5.0,5.0
André_Carson,49,3,46,0,0,0,0,0,0,0,0,0,0,0,0,0,0,0,49,43,10.0,10.0
Jackie_Speier,61,18,37,1,0,2,0,0,0,0,0,1,1,0,0,0,0,0,59,51,12.0,12.0
Steve_Scalise,97,32,64,1,0,0,0,0,0,0,0,0,0,0,0,0,0,0,97,88,51.0,51.0
Donna_Edwards,32,15,14,0,0,0,2,0,0,0,0,0,0,0,1,0,0,0,31,28,12.0,12.0
Marcia_Fudge,52,16,34,0,0,0,0,0,0,0,0,1,0,0,0,0,0,0,51,40,15.0,15.0
Rick_Nolan,63,31,32,0,0,0,0,0,0,0,0,0,0,0,0,0,0,0,63,54,13.0,13.0
Matt_Salmon,61,12,49,0,0,0,0,0,0,0,0,0,0,0,0,0,0,0,61,52,13.0,13.0
Mark_Sanford,152,72,79,0,0,1,0,0,0,0,0,0,0,0,0,0,0,0,152,131,73.0,73.0
Jason_Chaffetz,152,87,60,1,0,1,0,0,0,0,0,1,0,0,0,0,2,0,150,137,59.0,59.0
Mike_Coffman,102,39,63,0,0,0,0,0,0,0,0,0,0,0,0,0,0,0,102,89,19.0,19.0
Gerry_Connolly,63,15,48,0,0,0,0,0,0,0,0,0,0,0,0,0,0,0,63,51,11.0,11.0
John_Fleming,140,62,77,0,0,1,0,0,0,0,0,0,0,0,0,0,0,0,140,109,39.0,39.0
Brett_Guthrie,25,2,23,0,0,0,0,0,0,0,0,0,0,0,0,0,0,0,25,23,5.0,5.0
Gregg_Harper,11,4,6,0,0,1,0,0,0,0,0,0,0,0,0,0,0,0,11,9,3.0,3.0
Jim_Himes,33,5,27,0,0,1,0,0,0,0,0,0,0,0,0,0,0,0,33,28,5.0,5.0
Duncan_D._Hunter,190,148,39,2,0,1,0,0,0,0,0,0,0,0,0,0,0,0,190,178,82.0,82.0
Lynn_Jenkins,51,13,37,1,0,0,0,0,0,0,0,0,0,0,0,0,0,0,51,44,6.0,6.0
Leonard_Lance,100,24,75,1,0,0,0,0,0,0,0,0,0,0,0,0,0,0,100,84,26.0,26.0
Blaine_Luetkemeyer,20,4,16,0,0,0,0,0,0,0,0,0,0,0,0,0,0,0,20,18,7.0,7.0
Tom_McClintock,93,22,67,1,0,1,0,0,0,0,0,1,1,0,0,0,0,0,92,83,23.0,23.0
Pete_Olson,42,27,11,0,0,0,1,0,0,0,0,3,0,0,0,0,0,0,42,36,13.0,13.0
Erik_Paulsen,62,30,32,0,0,0,0,0,0,0,0,0,0,0,0,0,0,0,62,60,9.0,9.0
Chellie_Pingree,52,16,35,0,0,0,1,0,0,0,0,0,0,0,0,0,0,0,52,46,9.0,9.0
Jared_Polis,154,51,99,0,0,2,0,0,0,0,0,1,0,1,0,0,0,0,153,125,36.0,36.0
Bill_Posey,35,10,24,1,0,0,0,0,0,0,0,0,0,0,0,0,0,0,35,31,7.0,7.0
Phil_Roe,18,5,13,0,0,0,0,0,0,0,0,0,0,0,0,0,0,0,18,14,4.0,4.0
Tom_Rooney,149,63,84,0,0,0,1,0,0,0,0,1,0,0,0,0,0,0,149,124,31.0,31.0
Aaron_Schock,176,93,79,0,0,2,0,1,0,0,0,1,0,0,0,0,0,0,175,156,71.0,71.0
Kurt_Schrader,53,28,25,0,0,0,0,0,0,0,0,0,0,0,0,0,0,0,53,42,11.0,11.0
Glenn_Thompson,31,6,25,0,0,0,0,0,0,0,0,0,0,0,0,0,0,0,31,20,6.0,6.0
Paul_Tonko,47,11,35,1,0,0,0,0,0,0,0,0,0,0,0,0,0,0,47,39,9.0,9.0
Mike_Quigley,45,3,41,0,0,0,1,0,0,0,0,0,0,0,0,0,0,0,45,37,3.0,3.0
Judy_Chu,36,9,26,0,0,1,0,0,0,0,0,0,0,0,0,0,0,0,36,25,8.0,8.0
John_Garamendi,67,5,61,1,0,0,0,0,0,0,0,0,0,0,0,0,0,0,67,54,15.0,15.0
Ted_Deutch,41,4,35,1,0,0,0,0,0,0,0,0,0,0,0,0,0,0,40,28,4.0,4.0
Tom_Graves,59,26,31,0,0,0,0,0,0,0,0,2,0,0,0,0,0,0,59,47,10.0,10.0
Tom_Reed,67,21,46,0,0,0,0,0,0,0,0,0,0,0,0,0,0,0,67,55,23.0,23.0
Marlin_Stutzman,26,3,23,0,0,0,0,0,0,0,0,0,0,0,0,0,0,0,26,12,4.0,4.0
Mike_Fitzpatrick,38,14,24,0,0,0,0,0,0,0,0,0,0,0,0,0,0,0,38,33,8.0,8.0
Tim_Walberg,38,20,17,0,0,1,0,0,0,0,0,0,0,0,0,0,0,0,38,33,12.0,12.0
Bill_Foster,53,17,35,1,0,0,0,0,0,0,0,0,0,0,0,0,0,0,53,44,8.0,8.0
Justin_Amash,219,104,98,0,0,12,2,0,0,0,0,3,0,0,0,0,0,0,219,192,101.0,101.0
Lou_Barletta,115,32,82,0,0,1,0,0,0,0,0,0,0,0,0,0,0,0,115,107,37.0,37.0
Karen_Bass,109,24,81,1,0,1,0,0,0,0,0,1,0,0,0,0,0,0,108,86,37.0,37.0
Dan_Benishek,35,19,16,0,0,0,0,0,0,0,0,0,0,0,0,0,0,0,35,30,13.0,13.0
Diane_Black,41,15,26,0,0,0,0,0,0,0,0,0,0,0,0,0,0,0,41,35,11.0,11.0
Mo_Brooks,170,82,86,0,0,0,1,0,0,0,0,1,0,0,0,0,0,0,170,160,70.0,70.0
Larry_Bucshon,32,11,21,0,0,0,0,0,0,0,0,0,0,0,0,0,0,0,32,27,3.0,3.0
John_Carney,28,8,20,0,0,0,0,0,0,0,0,0,0,0,0,0,0,0,28,23,7.0,7.0
David_Cicilline,147,32,114,0,0,0,1,0,0,0,0,0,0,0,0,0,0,0,147,98,34.0,34.0
Rick_Crawford,33,7,26,0,0,0,0,0,0,0,0,0,0,0,0,0,0,0,33,28,8.0,8.0
Jeff_Denham,77,51,25,0,0,0,0,0,0,0,0,0,0,0,0,0,0,0,76,72,31.0,31.0
Scott_DesJarlais,67,24,43,0,0,0,0,0,0,0,0,0,0,0,0,0,0,0,67,57,25.0,25.0
Sean_Duffy,33,5,28,0,0,0,0,0,0,0,0,0,0,0,0,0,0,0,33,26,10.0,10.0
Jeff_Duncan,28,8,19,1,0,0,0,0,0,0,0,0,0,0,0,0,0,0,28,25,9.0,9.0
Renee_Ellmers,47,21,26,0,0,0,0,0,0,0,0,0,0,0,0,0,0,0,47,43,20.0,20.0
Blake_Farenthold,44,27,15,0,0,2,0,0,0,0,0,0,0,0,0,0,0,0,44,40,17.0,17.0
Stephen_Fincher,31,8,23,0,0,0,0,0,0,0,0,0,0,0,0,0,0,0,31,24,8.0,8.0
Chuck_Fleischmann,33,13,19,0,0,0,0,0,0,0,0,1,0,0,0,0,0,0,33,28,6.0,6.0
Bill_Flores,34,16,18,0,0,0,0,0,0,0,0,0,0,0,0,0,0,0,34,29,7.0,7.0
Bob_Gibbs,37,9,28,0,0,0,0,0,0,0,0,0,0,0,0,0,0,0,37,31,10.0,10.0
Chris_Gibson,44,6,33,2,0,0,2,0,0,0,0,0,0,0,0,0,0,0,43,26,6.0,6.0
Paul_Gosar,199,91,103,0,0,2,0,0,0,0,0,1,0,0,0,0,0,0,197,172,70.0,70.0
Trey_Gowdy,54,18,34,1,0,1,0,0,0,0,0,0,0,0,0,0,0,0,54,42,21.0,21.0
Morgan_Griffith,36,8,28,0,0,0,0,0,0,0,0,0,0,0,0,0,0,0,36,32,13.0,13.0
Michael_Grimm,89,65,19,0,0,4,0,0,0,0,0,1,0,0,0,0,0,0,89,83,32.0,32.0
Richard_L._Hanna,27,4,23,0,0,0,0,0,0,0,0,0,0,0,0,0,0,0,27,24,7.0,7.0
Andy_Harris,86,30,55,0,0,0,1,0,0,0,0,0,0,0,0,0,0,0,86,69,34.0,34.0
Vicky_Hartzler,71,22,46,0,0,0,0,0,0,0,0,1,0,0,0,0,0,0,69,59,35.0,35.0
Joe_Heck,92,26,66,0,0,0,0,0,0,0,0,0,0,0,0,0,0,0,92,77,18.0,18.0
Jaime_Herrera_Beutler,100,48,50,1,0,1,0,0,0,0,0,0,0,0,0,0,0,0,100,84,25.0,25.0
Tim_Huelskamp,29,11,18,0,0,0,0,0,0,0,0,0,0,0,0,0,0,0,29,26,9.0,9.0
Bill_Huizenga,16,3,12,0,0,0,0,0,0,0,0,1,0,0,0,0,0,0,16,13,5.0,5.0
Randy_Hultgren,113,32,76,1,0,1,0,0,0,0,0,3,0,0,0,0,0,0,113,96,14.0,14.0
Robert_Hurt,72,18,52,0,0,2,0,0,0,0,0,0,0,0,0,0,0,0,72,50,9.0,9.0
Bill_Johnson,36,10,26,0,0,0,0,0,0,0,0,0,0,0,0,0,0,0,36,30,14.0,14.0
Bill_Keating,65,38,25,2,0,0,0,0,0,0,0,0,0,0,0,0,0,0,65,59,19.0,19.0
Mike_Kelly,50,17,33,0,0,0,0,0,0,0,0,0,0,0,0,0,0,0,50,46,24.0,24.0
Adam_Kinzinger,144,37,90,1,0,1,0,1,0,0,0,2,0,0,0,0,1,0,131,113,56.0,56.0
Raúl_Labrador,56,24,32,0,0,0,0,0,0,0,0,0,0,0,0,0,0,0,56,41,19.0,19.0
Billy_Long,25,4,21,0,0,0,0,0,0,0,0,0,0,0,0,0,0,0,25,21,7.0,7.0
Tom_Marino,31,17,13,0,0,1,0,0,0,0,0,0,0,0,0,0,0,0,31,28,14.0,14.0
David_McKinley,47,6,41,0,0,0,0,0,0,0,0,0,0,0,0,0,0,0,47,33,8.0,8.0
Pat_Meehan,66,44,21,1,0,0,0,0,0,0,0,0,0,0,0,0,0,0,66,61,17.0,17.0
Mick_Mulvaney,138,85,48,0,0,3,1,0,0,0,0,1,0,0,0,0,0,0,138,123,102.0,102.0
Kristi_Noem,232,137,84,1,0,7,0,0,0,0,0,2,0,0,0,0,0,0,231,187,68.0,68.0
Rich_Nugent,28,3,25,0,0,0,0,0,0,0,0,0,0,0,0,0,0,0,28,17,3.0,3.0
Alan_Nunnelee,20,4,16,0,0,0,0,0,0,0,0,0,0,0,0,0,0,0,20,16,2.0,2.0
Steven_Palazzo,38,10,28,0,0,0,0,0,0,0,0,0,0,0,0,0,0,0,38,31,9.0,9.0
Mike_Pompeo,219,130,86,0,0,2,1,0,0,0,0,0,0,0,0,0,0,0,219,200,143.0,143.0
Jim_Renacci,54,18,35,0,0,1,0,0,0,0,0,0,0,0,0,0,0,0,54,44,12.0,12.0
Reid_Ribble,27,6,21,0,0,0,0,0,0,0,0,0,0,0,0,0,0,0,27,23,3.0,3.0
Cedric_Richmond,40,19,21,0,0,0,0,0,0,0,0,0,0,0,0,0,0,0,40,30,17.0,17.0
Scott_Rigell,41,14,27,0,0,0,0,0,0,0,0,0,0,0,0,0,0,0,41,36,21.0,21.0
Martha_Roby,75,43,30,2,0,0,0,0,0,0,0,0,0,0,0,0,0,0,75,63,16.0,16.0
Todd_Rokita,118,32,86,0,0,0,0,0,0,0,0,0,0,0,0,0,0,0,118,93,28.0,28.0
Dennis_Ross,27,2,25,0,0,0,0,0,0,0,0,0,0,0,0,0,0,0,27,23,3.0,3.0
David_Schweikert,78,24,53,1,0,0,0,0,0,0,0,0,0,0,0,0,0,0,78,74,30.0,30.0
Austin_Scott,48,11,37,0,0,0,0,0,0,0,0,0,0,0,0,0,0,0,48,38,9.0,9.0
Terri_Sewell,57,15,41,0,0,0,0,0,0,0,0,0,0,1,0,0,0,0,56,47,11.0,11.0
Steve_Stivers,35,10,25,0,0,0,0,0,0,0,0,0,0,0,0,0,0,0,35,26,7.0,7.0
Scott_Tipton,55,21,33,0,0,0,0,0,0,0,0,1,0,0,0,0,0,0,55,48,8.0,8.0
Daniel_Webster,77,49,27,0,0,0,0,0,0,0,0,1,0,0,0,0,0,0,77,71,16.0,16.0
Frederica_Wilson,46,22,23,0,0,0,0,0,0,0,0,1,0,0,0,0,0,0,46,42,24.0,24.0
Steve_Womack,40,6,34,0,0,0,0,0,0,0,0,0,0,0,0,0,0,0,40,36,9.0,9.0
Rob_Woodall,35,5,30,0,0,0,0,0,0,0,0,0,0,0,0,0,0,0,35,30,12.0,12.0
Kevin_Yoder,85,41,44,0,0,0,0,0,0,0,0,0,0,0,0,0,0,0,85,80,18.0,18.0
Janice_Hahn,32,14,18,0,0,0,0,0,0,0,0,0,0,0,0,0,0,0,32,19,9.0,9.0
Mark_Amodei,45,5,40,0,0,0,0,0,0,0,0,0,0,0,0,0,0,0,45,32,4.0,4.0
Suzanne_Bonamici,32,10,22,0,0,0,0,0,0,0,0,0,0,0,0,0,0,0,32,21,1.0,1.0
Suzan_DelBene,22,2,20,0,0,0,0,0,0,0,0,0,0,0,0,0,0,0,22,13,2.0,2.0
Thomas_Massie,189,67,104,0,0,2,0,0,0,0,0,13,0,2,0,0,0,0,186,155,79.0,79.0
Donald_Payne_Jr.,28,8,19,1,0,0,0,0,0,0,0,0,0,0,0,0,0,0,28,23,2.0,2.0
Alan_Grayson,70,28,40,1,0,0,0,0,0,0,0,1,0,0,0,0,0,0,70,60,27.0,27.0
Ann_Kirkpatrick,80,29,51,0,0,0,0,0,0,0,0,0,0,0,0,0,0,0,80,74,20.0,20.0
Dina_Titus,25,9,14,2,0,0,0,0,0,0,0,0,0,0,0,0,0,0,25,20,4.0,4.0
Andy_Barr,87,5,82,0,0,0,0,0,0,0,0,0,0,0,0,0,0,0,87,70,16.0,16.0
Joyce_Beatty,27,3,24,0,0,0,0,0,0,0,0,0,0,0,0,0,0,0,27,22,7.0,7.0
Ami_Bera,68,37,30,0,0,1,0,0,0,0,0,0,0,0,0,0,0,0,68,59,24.0,24.0
Jim_Bridenstine,66,33,32,0,0,1,0,0,0,0,0,0,0,0,0,0,0,0,66,53,21.0,21.0
Susan_Brooks,40,19,21,0,0,0,0,0,0,0,0,0,0,0,0,0,0,0,40,35,9.0,9.0
Julia_Brownley,31,12,19,0,0,0,0,0,0,0,0,0,0,0,0,0,0,0,31,30,11.0,11.0
Cheri_Bustos,87,26,61,0,0,0,0,0,0,0,0,0,0,0,0,0,0,0,87,77,16.0,16.0
Tony_Cárdenas,39,8,30,0,0,0,0,0,0,0,0,0,0,0,0,0,0,0,38,33,11.0,11.0
Matt_Cartwright,72,28,44,0,0,0,0,0,0,0,0,0,0,0,0,0,0,0,72,60,20.0,20.0
Joaquin_Castro,41,12,26,1,0,0,0,0,0,0,0,0,0,0,0,0,0,0,39,34,14.0,14.0
Chris_Collins,106,59,45,1,0,1,0,0,0,0,0,0,0,0,0,0,0,0,106,94,41.0,41.0
Doug_Collins,71,22,47,0,0,0,0,0,0,0,0,1,0,0,0,0,0,0,70,63,28.0,28.0
Paul_Cook,28,5,23,0,0,0,0,0,0,0,0,0,0,0,0,0,0,0,28,24,4.0,4.0
Rodney_Davis,80,31,49,0,0,0,0,0,0,0,0,0,0,0,0,0,0,0,80,76,28.0,28.0
John_Delaney,49,11,38,0,0,0,0,0,0,0,0,0,0,0,0,0,0,0,49,40,20.0,20.0
Ron_DeSantis,307,124,177,0,0,2,1,0,0,0,0,0,0,0,0,0,1,0,304,282,131.0,131.0
Elizabeth_Esty,55,27,28,0,0,0,0,0,0,0,0,0,0,0,0,0,0,0,55,48,9.0,9.0
Lois_Frankel,47,11,36,0,0,0,0,0,0,0,0,0,0,0,0,0,0,0,47,44,9.0,9.0
Tulsi_Gabbard,344,132,199,3,0,4,0,0,0,0,0,2,0,0,0,1,0,0,340,299,133.0,133.0
Denny_Heck,27,6,18,0,0,0,0,0,0,0,0,3,0,0,0,0,0,0,27,13,1.0,1.0
George_Holding,20,7,13,0,0,0,0,0,0,0,0,0,0,0,0,0,0,0,20,17,3.0,3.0
Richard_Hudson,30,8,22,0,0,0,0,0,0,0,0,0,0,0,0,0,0,0,30,26,8.0,8.0
Jared_Huffman,60,16,42,1,0,1,0,0,0,0,0,0,0,0,0,0,0,0,60,54,9.0,9.0
Hakeem_Jeffries,122,31,88,2,0,1,0,0,0,0,0,0,0,0,0,0,0,0,122,106,50.0,50.0
David_Joyce,55,26,28,0,0,0,0,0,0,0,0,1,0,0,0,0,0,0,55,47,12.0,12.0
Joe_Kennedy_III,71,34,37,0,0,0,0,0,0,0,0,0,0,0,0,0,0,0,71,64,32.0,32.0
Dan_Kildee,48,16,32,0,0,0,0,0,0,0,0,0,0,0,0,0,0,0,48,43,10.0,10.0
Derek_Kilmer,35,1,33,0,0,0,1,0,0,0,0,0,0,0,0,0,0,0,35,24,1.0,1.0
Annie_Kuster,33,17,16,0,0,0,0,0,0,0,0,0,0,0,0,0,0,0,33,32,5.0,5.0
Doug_LaMalfa,71,17,53,0,0,0,0,0,0,0,0,1,0,0,0,0,0,0,71,65,15.0,15.0
Alan_Lowenthal,26,2,24,0,0,0,0,0,0,0,0,0,0,0,0,0,0,0,26,18,2.0,2.0
Michelle_Lujan_Grisham,59,15,43,0,0,0,1,0,0,0,0,0,0,0,0,0,0,0,59,50,15.0,15.0
Sean_Patrick_Maloney,99,34,64,0,0,1,0,0,0,0,0,0,0,0,0,0,0,0,99,80,28.0,28.0
Mark_Meadows,130,85,41,1,0,2,0,0,0,0,0,0,0,0,0,0,0,0,129,122,87.0,87.0
Grace_Meng,36,12,24,0,0,0,0,0,0,0,0,0,0,0,0,0,0,0,36,30,12.0,12.0
Luke_Messer,76,28,47,0,0,1,0,0,0,0,0,0,0,0,0,0,0,0,76,59,15.0,15.0
Patrick_Murphy,40,19,21,0,0,0,0,0,0,0,0,0,0,0,0,0,0,0,40,38,16.0,16.0
Beto_O'Rourke,273,127,129,1,0,5,7,0,0,0,0,0,0,0,0,0,3,0,269,236,106.0,106.0
Scott_Perry,101,54,47,0,0,0,0,0,0,0,0,0,0,0,0,0,0,0,101,95,32.0,32.0
Scott_Peters,93,36,57,0,0,0,0,0,0,0,0,0,0,0,0,0,0,0,93,81,18.0,18.0
Robert_Pittenger,44,8,35,0,0,0,1,0,0,0,0,0,0,0,0,0,0,0,44,34,6.0,6.0
Mark_Pocan,37,8,22,0,0,0,1,0,0,0,0,0,6,0,0,0,0,0,31,20,7.0,7.0
Tom_Rice,52,28,23,0,0,0,0,0,0,0,0,1,0,0,0,0,0,0,52,51,12.0,12.0
Keith_Rothfus,38,12,26,0,0,0,0,0,0,0,0,0,0,0,0,0,0,0,38,33,15.0,15.0
Raul_Ruiz,43,12,31,0,0,0,0,0,0,0,0,0,0,0,0,0,0,0,43,38,16.0,16.0
Chris_Stewart,59,27,31,1,0,0,0,0,0,0,0,0,0,0,0,0,0,0,59,54,12.0,12.0
Eric_Swalwell,118,43,74,0,0,1,0,0,0,0,0,0,0,0,0,0,0,0,118,105,48.0,48.0
Mark_Takano,39,9,30,0,0,0,0,0,0,0,0,0,0,0,0,0,0,0,39,34,4.0,4.0
David_Valadao,76,30,45,0,0,0,0,0,0,0,0,1,0,0,0,0,0,0,76,71,31.0,31.0
Juan_Vargas,37,7,30,0,0,0,0,0,0,0,0,0,0,0,0,0,0,0,37,33,5.0,5.0
Marc_Veasey,34,8,26,0,0,0,0,0,0,0,0,0,0,0,0,0,0,0,34,30,1.0,1.0
Filemon_Vela_Jr.,21,5,16,0,0,0,0,0,0,0,0,0,0,0,0,0,0,0,21,20,6.0,6.0
Ann_Wagner,37,20,17,0,0,0,0,0,0,0,0,0,0,0,0,0,0,0,37,36,9.0,9.0
Jackie_Walorski,76,27,48,0,0,0,0,0,0,0,0,1,0,0,0,0,0,0,76,64,21.0,21.0
Randy_Weber,30,5,23,1,0,0,0,0,0,0,0,1,0,0,0,0,0,0,30,25,7.0,7.0
Brad_Wenstrup,31,7,24,0,0,0,0,0,0,0,0,0,0,0,0,0,0,0,31,27,9.0,9.0
Roger_Williams,48,7,41,0,0,0,0,0,0,0,0,0,0,0,0,0,0,0,48,45,20.0,20.0
Ted_Yoho,57,18,36,1,0,1,1,0,0,0,0,0,0,0,0,0,0,0,57,45,20.0,20.0
Robin_Kelly,33,2,30,0,0,0,0,0,0,0,0,0,0,0,0,0,0,0,32,31,7.0,7.0
Jason_Smith,65,5,59,0,0,0,0,0,0,0,0,1,0,0,0,0,0,0,65,50,16.0,16.0
Katherine_Clark,57,36,19,2,0,0,0,0,0,0,0,0,0,0,0,0,0,0,57,52,24.0,24.0
Bradley_Byrne,94,36,57,0,0,0,0,0,0,0,0,1,0,0,0,0,0,0,94,79,28.0,28.0
David_Jolly,46,20,26,0,0,0,0,0,0,0,0,0,0,0,0,0,0,0,46,41,12.0,12.0
Curt_Clawson,9,4,5,0,0,0,0,0,0,0,0,0,0,0,0,0,0,0,9,7,2.0,2.0
Alma_Adams,41,9,30,2,0,0,0,0,0,0,0,0,0,0,0,0,0,0,41,26,4.0,4.0
Dave_Brat,103,65,25,1,0,7,5,0,0,0,0,0,0,0,0,0,0,0,103,79,55.0,55.0
Donald_Norcross,28,3,25,0,0,0,0,0,0,0,0,0,0,0,0,0,0,0,28,21,3.0,3.0
Bob_Dold,55,37,18,0,0,0,0,0,0,0,0,0,0,0,0,0,0,0,55,50,24.0,24.0
Frank_Guinta,46,7,39,0,0,0,0,0,0,0,0,0,0,0,0,0,0,0,46,36,5.0,5.0
Ralph_Abraham,41,12,29,0,0,0,0,0,0,0,0,0,0,0,0,0,0,0,41,31,8.0,8.0
Pete_Aguilar,81,6,75,0,0,0,0,0,0,0,0,0,0,0,0,0,0,0,81,55,11.0,11.0
Rick_W._Allen,18,8,10,0,0,0,0,0,0,0,0,0,0,0,0,0,0,0,18,17,5.0,5.0
Brad_Ashford,132,129,3,0,0,0,0,0,0,0,0,0,0,0,0,0,0,0,132,131,18.0,18.0
Brian_Babin,55,17,35,0,0,0,0,0,0,0,0,2,0,0,0,0,0,0,54,42,15.0,15.0
Don_Beyer,38,9,28,1,0,0,0,0,0,0,0,0,0,0,0,0,0,0,38,24,11.0,11.0
Mike_Bishop,16,11,5,0,0,0,0,0,0,0,0,0,0,0,0,0,0,0,16,14,3.0,3.0
Rod_Blum,54,39,15,0,0,0,0,0,0,0,0,0,0,0,0,0,0,0,54,53,21.0,21.0
Mike_Bost,77,25,49,3,0,0,0,0,0,0,0,0,0,0,0,0,0,0,77,68,17.0,17.0
Brendan_Boyle,44,7,37,0,0,0,0,0,0,0,0,0,0,0,0,0,0,0,44,32,3.0,3.0
Ken_Buck,84,22,62,0,0,0,0,0,0,0,0,0,0,0,0,0,0,0,84,76,26.0,26.0
Buddy_Carter,52,9,42,0,0,0,0,0,0,0,0,1,0,0,0,0,0,0,52,39,6.0,6.0
Barbara_Comstock,62,39,23,0,0,0,0,0,0,0,0,0,0,0,0,0,0,0,62,56,35.0,35.0
Ryan_Costello,35,17,17,0,0,1,0,0,0,0,0,0,0,0,0,0,0,0,35,28,15.0,15.0
Carlos_Curbelo,66,39,27,0,0,0,0,0,0,0,0,0,0,0,0,0,0,0,66,62,26.0,26.0
Mark_DeSaulnier,45,9,36,0,0,0,0,0,0,0,0,0,0,0,0,0,0,0,45,37,9.0,9.0
Debbie_Dingell,30,8,21,0,0,1,0,0,0,0,0,0,0,0,0,0,0,0,30,25,13.0,13.0
Tom_Emmer,75,24,50,0,0,0,0,0,0,0,0,1,0,0,0,0,0,0,75,62,16.0,16.0
Ruben_Gallego,44,10,32,0,0,0,0,0,0,0,0,2,0,0,0,0,0,0,44,37,9.0,9.0
Gwen_Graham,44,17,27,0,0,0,0,0,0,0,0,0,0,0,0,0,0,0,44,39,9.0,9.0
Garret_Graves,17,3,13,1,0,0,0,0,0,0,0,0,0,0,0,0,0,0,17,11,,0.0
Glenn_Grothman,56,16,27,0,0,0,0,0,0,0,0,0,13,0,0,0,0,0,43,28,12.0,12.0
Cresent_Hardy,24,6,18,0,0,0,0,0,0,0,0,0,0,0,0,0,0,0,24,21,7.0,7.0
Jody_Hice,66,18,46,0,0,1,0,0,0,0,0,1,0,0,0,0,0,0,66,58,25.0,25.0
French_Hill,35,10,25,0,0,0,0,0,0,0,0,0,0,0,0,0,0,0,35,31,14.0,14.0
Will_Hurd,74,42,30,0,0,2,0,0,0,0,0,0,0,0,0,0,0,0,74,67,32.0,32.0
Evan_Jenkins,49,13,34,2,0,0,0,0,0,0,0,0,0,0,0,0,0,0,49,38,11.0,11.0
John_Katko,63,33,30,0,0,0,0,0,0,0,0,0,0,0,0,0,0,0,63,61,23.0,23.0
Steve_Knight,70,40,29,0,0,0,0,0,0,0,0,1,0,0,0,0,0,0,70,66,22.0,22.0
Brenda_Lawrence,27,1,26,0,0,0,0,0,0,0,0,0,0,0,0,0,0,0,27,23,3.0,3.0
Ted_Lieu,70,33,36,0,0,0,0,1,0,0,0,0,0,0,0,0,0,0,69,63,18.0,18.0
Barry_Loudermilk,32,10,22,0,0,0,0,0,0,0,0,0,0,0,0,0,0,0,32,27,15.0,15.0
Mia_Love,95,53,41,0,0,1,0,0,0,0,0,0,0,0,0,0,0,0,95,86,32.0,32.0
Tom_MacArthur,96,32,64,0,0,0,0,0,0,0,0,0,0,0,0,0,0,0,96,80,24.0,24.0
John_Moolenaar,13,3,10,0,0,0,0,0,0,0,0,0,0,0,0,0,0,0,13,9,4.0,4.0
Alex_Mooney,63,22,41,0,0,0,0,0,0,0,0,0,0,0,0,0,0,0,63,51,22.0,22.0
Seth_Moulton,94,41,47,1,0,2,1,0,0,0,0,0,0,0,0,0,0,0,92,69,39.0,39.0
Dan_Newhouse,36,11,24,0,0,0,0,0,0,0,0,1,0,0,0,0,0,0,36,26,10.0,10.0
Gary_Palmer,53,14,39,0,0,0,0,0,0,0,0,0,0,0,0,0,0,0,53,48,10.0,10.0
Bruce_Poliquin,63,40,23,0,0,0,0,0,0,0,0,0,0,0,0,0,0,0,63,62,16.0,16.0
John_Ratcliffe,99,29,68,1,0,0,0,0,0,0,0,0,0,0,0,0,0,0,98,85,50.0,50.0
Kathleen_Rice,57,3,53,0,0,0,0,0,0,0,0,0,0,0,0,0,0,0,56,41,12.0,12.0
David_Rouzer,26,6,20,0,0,0,0,0,0,0,0,0,0,0,0,0,0,0,26,22,6.0,6.0
Steve_Russell,39,4,35,0,0,0,0,0,0,0,0,0,0,0,0,0,0,0,39,19,4.0,4.0
Elise_Stefanik,158,70,84,0,0,2,0,0,0,0,0,0,0,0,0,0,0,0,156,148,75.0,75.0
Mark_Takai,19,10,9,0,0,0,0,0,0,0,0,0,0,0,0,0,0,0,19,15,4.0,4.0
Norma_Torres,16,2,14,0,0,0,0,0,0,0,0,0,0,0,0,0,0,0,16,13,4.0,4.0
Dave_Trott,26,4,22,0,0,0,0,0,0,0,0,0,0,0,0,0,0,0,26,20,7.0,7.0
Mark_Walker,63,44,16,1,0,0,0,0,0,0,0,0,0,0,0,0,0,0,61,54,27.0,27.0
Mimi_Walters,57,31,26,0,0,0,0,0,0,0,0,0,0,0,0,0,0,0,57,48,25.0,25.0
Bonnie_Watson_Coleman,28,5,22,1,0,0,0,0,0,0,0,0,0,0,0,0,0,0,28,25,7.0,7.0
Bruce_Westerman,19,3,16,0,0,0,0,0,0,0,0,0,0,0,0,0,0,0,19,16,7.0,7.0
David_Young,41,18,23,0,0,0,0,0,0,0,0,0,0,0,0,0,0,0,41,39,7.0,7.0
Lee_Zeldin,180,69,110,1,0,0,0,0,0,0,0,0,0,0,0,0,0,0,180,156,50.0,50.0
Ryan_Zinke,127,73,50,2,0,1,1,0,0,0,0,0,0,0,0,0,0,0,127,114,71.0,71.0
Dan_Donovan,64,40,24,0,0,0,0,0,0,0,0,0,0,0,0,0,0,0,64,57,23.0,23.0
Trent_Kelly,28,16,12,0,0,0,0,0,0,0,0,0,0,0,0,0,0,0,28,24,11.0,11.0
Darin_LaHood,48,9,37,0,0,2,0,0,0,0,0,0,0,0,0,0,0,0,48,37,10.0,10.0
Warren_Davidson,46,5,41,0,0,0,0,0,0,0,0,0,0,0,0,0,0,0,46,39,13.0,13.0
Colleen_Hanabusa,23,7,16,0,0,0,0,0,0,0,0,0,0,0,0,0,0,0,23,20,3.0,3.0
James_Comer,71,6,65,0,0,0,0,0,0,0,0,0,0,0,0,0,0,0,71,48,10.0,10.0
Dwight_Evans,44,3,38,0,0,0,0,0,0,0,0,0,0,0,0,0,0,0,41,37,6.0,6.0
Kweisi_Mfume,28,17,10,0,0,1,0,0,0,0,0,0,0,0,0,0,0,0,28,24,8.0,8.0
Ed_Case,48,13,35,0,0,0,0,0,0,0,0,0,0,0,0,0,0,0,48,40,13.0,13.0
Brad_Schneider,56,26,30,0,0,0,0,0,0,0,0,0,0,0,0,0,0,0,56,53,17.0,17.0
Jodey_Arrington,40,4,36,0,0,0,0,0,0,0,0,0,0,0,0,0,0,0,40,27,6.0,6.0
Don_Bacon,85,27,49,0,0,0,0,0,0,0,0,0,0,0,0,0,0,0,76,62,24.0,24.0
Jim_Banks,56,15,40,0,0,0,0,0,0,0,0,0,0,0,0,0,0,0,55,46,17.0,17.0
Nanette_Barragán,33,4,28,0,0,0,1,0,0,0,0,0,0,0,0,0,0,0,33,20,6.0,6.0
Jack_Bergman,31,6,25,0,0,0,0,0,0,0,0,0,0,0,0,0,0,0,31,24,6.0,6.0
Andy_Biggs,131,31,97,2,0,0,0,0,0,0,0,0,1,0,0,0,0,0,130,123,49.0,49.0
Lisa_Blunt_Rochester,26,3,21,2,0,0,0,0,0,0,0,0,0,0,0,0,0,0,26,21,5.0,5.0
Anthony_Brown,71,40,28,0,0,0,0,0,0,0,0,3,0,0,0,0,0,0,71,61,20.0,20.0
Salud_Carbajal,30,1,29,0,0,0,0,0,0,0,0,0,0,0,0,0,0,0,30,24,5.0,5.0
Liz_Cheney,181,100,73,4,0,2,0,0,0,0,0,1,0,0,0,0,0,0,180,164,114.0,114.0
Lou_Correa,25,10,15,0,0,0,0,0,0,0,0,0,0,0,0,0,0,0,25,22,6.0,6.0
Charlie_Crist,125,72,47,1,0,1,0,0,0,0,0,1,0,0,0,1,1,0,122,112,39.0,39.0
Val_Demings,61,17,42,1,0,1,0,0,0,0,0,0,0,0,0,0,0,0,61,56,18.0,18.0
Neal_Dunn,35,7,28,0,0,0,0,0,0,0,0,0,0,0,0,0,0,0,35,27,8.0,8.0
Adriano_Espaillat,73,15,58,0,0,0,0,0,0,0,0,0,0,0,0,0,0,0,73,65,13.0,13.0
Drew_Ferguson,39,6,33,0,0,0,0,0,0,0,0,0,0,0,0,0,0,0,39,33,7.0,7.0
Brian_Fitzpatrick,72,30,42,0,0,0,0,0,0,0,0,0,0,0,0,0,0,0,72,67,27.0,27.0
Matt_Gaetz,298,197,92,0,0,4,0,0,0,0,0,2,0,0,0,0,0,0,295,277,173.0,173.0
Mike_Gallagher,42,17,23,0,0,0,1,0,0,0,0,0,0,0,0,0,0,0,41,36,14.0,14.0
Vicente_Gonzalez,30,5,25,0,0,0,0,0,0,0,0,0,0,0,0,0,0,0,30,26,8.0,8.0
Josh_Gottheimer,63,17,43,2,0,0,0,0,0,0,0,1,0,0,0,0,0,0,63,52,22.0,22.0
Clay_Higgins,55,7,48,0,0,0,0,0,0,0,0,0,0,0,0,0,0,0,55,48,16.0,16.0
Trey_Hollingsworth,49,9,39,0,0,0,0,0,0,0,0,1,0,0,0,0,0,0,49,39,12.0,12.0
Pramila_Jayapal,77,39,35,1,0,1,1,0,0,0,0,0,0,0,0,0,0,0,77,56,20.0,20.0
Mike_Johnson,42,16,26,0,0,0,0,0,0,0,0,0,0,0,0,0,0,0,42,31,7.0,7.0
Ro_Khanna,221,62,152,4,0,3,0,0,0,0,0,0,0,0,0,0,0,0,221,179,100.0,100.0
Raja_Krishnamoorthi,89,20,67,0,0,1,1,0,0,0,0,0,0,0,0,0,0,0,89,81,23.0,23.0
David_Kustoff,31,12,17,1,0,0,0,0,0,0,0,1,0,0,0,0,0,0,31,24,4.0,4.0
Al_Lawson,20,4,16,0,0,0,0,0,0,0,0,0,0,0,0,0,0,0,20,18,7.0,7.0
Brian_Mast,75,41,32,0,0,0,0,0,0,0,0,2,0,0,0,0,0,0,75,62,30.0,30.0
Donald_McEachin,30,8,22,0,0,0,0,0,0,0,0,0,0,0,0,0,0,0,30,22,5.0,5.0
Paul_Mitchell,31,7,23,0,0,0,0,0,0,0,0,0,0,0,0,0,0,0,30,27,6.0,6.0
Stephanie_Murphy,69,9,60,0,0,0,0,0,0,0,0,0,0,0,0,0,0,0,69,62,20.0,20.0
Tom_O'Halleran,38,14,24,0,0,0,0,0,0,0,0,0,0,0,0,0,0,0,38,36,8.0,8.0
Jimmy_Panetta,30,0,30,0,0,0,0,0,0,0,0,0,0,0,0,0,0,0,30,24,6.0,6.0
Jamie_Raskin,74,20,52,0,0,2,0,0,0,0,0,0,0,0,0,0,0,0,74,63,29.0,29.0
Francis_Rooney,51,13,38,0,0,0,0,0,0,0,0,0,0,0,0,0,0,0,51,43,14.0,14.0
John_Rutherford,37,10,26,0,0,0,1,0,0,0,0,0,0,0,0,0,0,0,37,32,16.0,16.0
Lloyd_Smucker,29,11,17,0,0,0,0,0,0,0,0,1,0,0,0,0,0,0,29,26,7.0,7.0
Darren_Soto,101,11,88,0,0,0,0,0,0,0,0,0,0,0,0,0,0,0,99,69,10.0,10.0
Thomas_Suozzi,55,26,28,1,0,0,0,0,0,0,0,0,0,0,0,0,0,0,55,49,18.0,18.0
Ron_Estes,31,15,16,0,0,0,0,0,0,0,0,0,0,0,0,0,0,0,31,29,12.0,12.0
Jimmy_Gomez,36,8,28,0,0,0,0,0,0,0,0,0,0,0,0,0,0,0,36,27,13.0,13.0
Ralph_Norman,75,34,41,0,0,0,0,0,0,0,0,0,0,0,0,0,0,0,75,72,25.0,25.0
Greg_Gianforte,212,115,87,3,0,2,0,0,0,0,0,3,0,0,0,0,1,0,210,180,81.0,81.0
John_Curtis,71,26,45,0,0,0,0,0,0,0,0,0,0,0,0,0,0,0,71,59,5.0,5.0
Conor_Lamb,63,42,17,0,0,0,0,0,0,0,0,0,0,0,0,0,0,0,59,59,31.0,31.0
Debbie_Lesko,64,30,33,0,0,0,0,0,0,0,0,1,0,0,0,0,0,0,64,59,21.0,21.0
Michael_Cloud,32,13,19,0,0,0,0,0,0,0,0,0,0,0,0,0,0,0,32,31,12.0,12.0
Troy_Balderson,26,7,19,0,0,0,0,0,0,0,0,0,0,0,0,0,0,0,26,21,5.0,5.0
Kevin_Hern,42,20,22,0,0,0,0,0,0,0,0,0,0,0,0,0,0,0,42,38,15.0,15.0
Joseph_Morelle,18,7,11,0,0,0,0,0,0,0,0,0,0,0,0,0,0,0,18,11,4.0,4.0
Mary_Gay_Scanlon,20,14,6,0,0,0,0,0,0,0,0,0,0,0,0,0,0,0,20,19,2.0,2.0
Susan_Wild,42,8,34,0,0,0,0,0,0,0,0,0,0,0,0,0,0,0,42,40,10.0,10.0
Steven_Horsford,55,16,39,0,0,0,0,0,0,0,0,0,0,0,0,0,0,0,55,43,8.0,8.0
Colin_Allred,29,14,15,0,0,0,0,0,0,0,0,0,0,0,0,0,0,0,29,26,11.0,11.0
Kelly_Armstrong,17,6,11,0,0,0,0,0,0,0,0,0,0,0,0,0,0,0,17,16,3.0,3.0
Cindy_Axne,22,6,16,0,0,0,0,0,0,0,0,0,0,0,0,0,0,0,22,20,2.0,2.0
Jim_Baird,25,4,21,0,0,0,0,0,0,0,0,0,0,0,0,0,0,0,25,10,9.0,9.0
Anthony_Brindisi,32,12,20,0,0,0,0,0,0,0,0,0,0,0,0,0,0,0,32,23,6.0,6.0
Tim_Burchett,41,20,20,0,0,0,1,0,0,0,0,0,0,0,0,0,0,0,41,31,6.0,6.0
Sean_Casten,44,19,23,0,0,2,0,0,0,0,0,0,0,0,0,0,0,0,44,38,16.0,16.0
Gil_Cisneros,23,3,19,0,0,0,0,0,0,0,0,1,0,0,0,0,0,0,23,19,6.0,6.0
Ben_Cline,67,41,26,0,0,0,0,0,0,0,0,0,0,0,0,0,0,0,67,66,5.0,5.0
TJ_Cox,45,23,22,0,0,0,0,0,0,0,0,0,0,0,0,0,0,0,45,42,9.0,9.0
Angie_Craig,39,14,25,0,0,0,0,0,0,0,0,0,0,0,0,0,0,0,39,34,6.0,6.0
Dan_Crenshaw,138,45,89,0,0,1,0,0,0,0,0,0,0,0,0,0,0,0,135,123,55.0,55.0
Jason_Crow,29,6,21,0,0,1,0,0,0,0,0,1,0,0,0,0,0,0,29,21,4.0,4.0
Joe_Cunningham,44,26,17,0,0,0,0,0,0,0,0,0,0,0,0,0,1,0,43,40,12.0,12.0
Sharice_Davids,40,9,30,0,0,0,0,0,0,0,0,0,0,0,0,0,0,0,39,33,12.0,12.0
Madeleine_Dean,24,12,12,0,0,0,0,0,0,0,0,0,0,0,0,0,0,0,24,21,4.0,4.0
Antonio_Delgado,34,24,10,0,0,0,0,0,0,0,0,0,0,0,0,0,0,0,34,29,13.0,13.0
Veronica_Escobar,18,2,16,0,0,0,0,0,0,0,0,0,0,0,0,0,0,0,18,16,5.0,5.0
Abby_Finkenauer,36,22,14,0,0,0,0,0,0,0,0,0,0,0,0,0,0,0,36,35,6.0,6.0
Russ_Fulcher,31,13,18,0,0,0,0,0,0,0,0,0,0,0,0,0,0,0,31,22,7.0,7.0
Chuy_García,78,5,69,3,0,1,0,0,0,0,0,0,0,0,0,0,0,0,78,62,19.0,19.0
Sylvia_Garcia,26,3,23,0,0,0,0,0,0,0,0,0,0,0,0,0,0,0,26,17,4.0,4.0
Jared_Golden,54,21,32,0,0,0,0,0,0,0,0,0,0,0,0,0,0,0,53,51,15.0,15.0
Anthony_Gonzalez,35,14,19,0,0,0,0,0,0,0,0,0,0,0,0,0,0,0,33,29,12.0,12.0
Lance_Gooden,34,13,19,0,0,0,0,0,0,0,0,1,0,0,0,0,0,0,33,28,10.0,10.0
Mark_Green,51,20,30,1,0,0,0,0,0,0,0,0,0,0,0,0,0,0,51,39,16.0,16.0
Michael_Guest,14,3,11,0,0,0,0,0,0,0,0,0,0,0,0,0,0,0,14,12,5.0,5.0
Deb_Haaland,77,23,46,0,0,5,1,0,0,0,0,1,0,0,0,0,1,0,76,49,24.0,24.0
Jim_Hagedorn,54,28,22,1,0,1,0,0,0,0,0,0,2,0,0,0,0,0,52,46,17.0,17.0
Josh_Harder,35,13,21,0,0,0,0,0,0,0,0,0,0,0,0,0,0,0,34,30,11.0,11.0
Jahana_Hayes,32,6,26,0,0,0,0,0,0,0,0,0,0,0,0,0,0,0,32,24,10.0,10.0
Katie_Hill,70,35,31,0,0,2,0,0,0,0,0,0,0,0,0,0,0,0,68,59,40.0,40.0
Kendra_Horn,31,5,26,0,0,0,0,0,0,0,0,0,0,0,0,0,0,0,31,22,6.0,6.0
Chrissy_Houlahan,44,8,36,0,0,0,0,0,0,0,0,0,0,0,0,0,0,0,44,36,7.0,7.0
Dusty_Johnson,29,2,27,0,0,0,0,0,0,0,0,0,0,0,0,0,0,0,29,19,5.0,5.0
John_Joyce,24,5,19,0,0,0,0,0,0,0,0,0,0,0,0,0,0,0,24,19,8.0,8.0
Andy_Kim,39,7,31,0,0,0,0,0,0,0,0,0,0,0,0,0,0,0,38,37,11.0,11.0
Susie_Lee,28,13,15,0,0,0,0,0,0,0,0,0,0,0,0,0,0,0,28,25,8.0,8.0
Andy_Levin,17,2,15,0,0,0,0,0,0,0,0,0,0,0,0,0,0,0,17,17,2.0,2.0
Mike_Levin,48,17,30,0,0,1,0,0,0,0,0,0,0,0,0,0,0,0,48,43,10.0,10.0
Elaine_Luria,62,22,40,0,0,0,0,0,0,0,0,0,0,0,0,0,0,0,62,56,24.0,24.0
Tom_Malinowski,70,34,35,0,0,0,0,0,0,0,0,1,0,0,0,0,0,0,70,62,35.0,35.0
Ben_McAdams,118,62,55,0,0,0,0,0,0,0,0,0,0,0,0,0,0,0,117,110,15.0,15.0
Lucy_McBath,48,16,28,1,0,2,1,0,0,0,0,0,0,0,0,0,0,0,48,41,17.0,17.0
Dan_Meuser,58,14,43,0,0,0,0,0,0,0,0,0,0,0,0,0,0,0,57,36,7.0,7.0
Carol_Miller,37,5,32,0,0,0,0,0,0,0,0,0,0,0,0,0,0,0,37,27,13.0,13.0
Debbie_Mucarsel-Powell,23,6,17,0,0,0,0,0,0,0,0,0,0,0,0,0,0,0,23,21,11.0,11.0
Joe_Neguse,42,5,34,0,0,1,0,0,0,0,0,0,0,0,0,0,0,0,40,29,5.0,5.0
Alexandria_Ocasio-Cortez,347,192,139,4,0,4,0,2,0,0,0,0,0,0,0,0,1,0,339,307,218.0,218.0
Ilhan_Omar,253,144,99,0,0,8,1,0,0,0,0,0,0,0,0,0,0,0,252,231,138.0,138.0
Lizzie_Fletcher,20,3,17,0,0,0,0,0,0,0,0,0,0,0,0,0,0,0,20,17,6.0,6.0
Chris_Pappas,44,16,28,0,0,0,0,0,0,0,0,0,0,0,0,0,0,0,44,42,14.0,14.0
Greg_Pence,21,16,5,0,0,0,0,0,0,0,0,0,0,0,0,0,0,0,21,18,9.0,9.0
Dean_Phillips,33,3,30,0,0,0,0,0,0,0,0,0,0,0,0,0,0,0,33,28,10.0,10.0
Katie_Porter,62,22,35,0,0,1,2,0,0,0,0,0,0,0,0,0,0,0,60,50,26.0,26.0
Ayanna_Pressley,108,56,52,0,0,0,0,0,0,0,0,0,0,0,0,0,0,0,108,95,54.0,54.0
Guy_Reschenthaler,36,14,22,0,0,0,0,0,0,0,0,0,0,0,0,0,0,0,36,31,6.0,6.0
Denver_Riggleman,35,24,10,0,0,0,1,0,0,0,0,0,0,0,0,0,0,0,35,34,20.0,20.0
John_Rose,23,18,4,0,0,0,0,0,0,0,0,1,0,0,0,0,0,0,23,21,5.0,5.0
Max_Rose,53,18,35,0,0,0,0,0,0,0,0,0,0,0,0,0,0,0,53,46,16.0,16.0
Harley_Rouda,34,18,16,0,0,0,0,0,0,0,0,0,0,0,0,0,0,0,34,33,12.0,12.0
Chip_Roy,176,117,50,0,0,6,0,0,0,0,0,0,1,0,0,0,0,0,173,160,64.0,64.0
Kim_Schrier,24,12,12,0,0,0,0,0,0,0,0,0,0,0,0,0,0,0,24,17,5.0,5.0
Donna_Shalala,72,36,34,1,0,0,0,0,0,0,0,1,0,0,0,0,0,0,72,55,28.0,28.0
Mikie_Sherrill,60,38,19,0,0,0,3,0,0,0,0,0,0,0,0,0,0,0,60,53,17.0,17.0
Elissa_Slotkin,56,16,40,0,0,0,0,0,0,0,0,0,0,0,0,0,0,0,56,43,18.0,18.0
Abigail_Spanberger,66,21,44,0,0,0,0,0,0,0,0,1,0,0,0,0,0,0,66,57,31.0,31.0
Ross_Spano,16,5,11,0,0,0,0,0,0,0,0,0,0,0,0,0,0,0,16,14,6.0,6.0
Greg_Stanton,27,6,21,0,0,0,0,0,0,0,0,0,0,0,0,0,0,0,27,25,4.0,4.0
Pete_Stauber,41,26,15,0,0,0,0,0,0,0,0,0,0,0,0,0,0,0,41,40,10.0,10.0
Bryan_Steil,36,9,27,0,0,0,0,0,0,0,0,0,0,0,0,0,0,0,36,27,7.0,7.0
Greg_Steube,32,23,9,0,0,0,0,0,0,0,0,0,0,0,0,0,0,0,32,28,13.0,13.0
Haley_Stevens,20,3,16,0,0,0,0,0,0,0,0,0,0,0,0,0,0,0,19,18,3.0,3.0
Van_Taylor,33,9,23,0,0,0,0,0,0,0,0,0,0,0,0,0,0,0,32,26,4.0,4.0
William_Timmons,29,11,16,0,0,0,0,0,0,0,0,2,0,0,0,0,0,0,29,23,4.0,4.0
Rashida_Tlaib,91,47,41,1,0,0,0,0,0,0,0,1,0,0,0,0,0,0,90,77,32.0,32.0
Xochitl_Torres_Small,29,10,18,0,0,0,1,0,0,0,0,0,0,0,0,0,0,0,29,23,5.0,5.0
Lori_Trahan,26,10,16,0,0,0,0,0,0,0,0,0,0,0,0,0,0,0,26,23,5.0,5.0
David_Trone,111,55,42,0,0,1,12,0,0,0,0,1,0,0,0,0,0,0,111,83,29.0,29.0
Lauren_Underwood,36,13,21,0,0,2,0,0,0,0,0,0,0,0,0,0,0,0,36,30,8.0,8.0
Jeff_Van_Drew,105,43,62,0,0,0,0,0,0,0,0,0,0,0,0,0,0,0,105,100,38.0,38.0
Michael_Waltz,60,10,49,1,0,0,0,0,0,0,0,0,0,0,0,0,0,0,60,46,18.0,18.0
Steve_Watkins,22,8,14,0,0,0,0,0,0,0,0,0,0,0,0,0,0,0,22,18,4.0,4.0
Jennifer_Wexton,48,26,19,0,0,1,2,0,0,0,0,0,0,0,0,0,0,0,48,39,22.0,22.0
Ron_Wright,45,16,29,0,0,0,0,0,0,0,0,0,0,0,0,0,0,0,45,38,15.0,15.0
Fred_Keller,31,11,19,0,0,0,0,0,0,0,0,1,0,0,0,0,0,0,31,27,7.0,7.0
Dan_Bishop,35,8,26,1,0,0,0,0,0,0,0,0,0,0,0,0,0,0,35,23,9.0,9.0
Greg_Murphy,52,18,33,0,0,0,0,0,0,0,0,0,0,0,0,0,0,0,51,37,18.0,18.0
Mike_Garcia,63,18,45,0,0,0,0,0,0,0,0,0,0,0,0,0,0,0,63,56,18.0,18.0
Tom_Tiffany,25,8,9,0,0,0,0,0,0,0,0,0,8,0,0,0,0,0,17,15,7.0,7.0
Chris_Jacobs,43,29,14,0,0,0,0,0,0,0,0,0,0,0,0,0,0,0,43,38,14.0,14.0
Kwanza_Hall,24,5,19,0,0,0,0,0,0,0,0,0,0,0,0,0,0,0,24,18,3.0,3.0
Claudia_Tenney,79,31,48,0,0,0,0,0,0,0,0,0,0,0,0,0,0,0,79,64,23.0,23.0
Jake_Auchincloss,43,13,29,0,0,0,0,0,0,0,0,0,0,0,0,0,0,0,42,35,9.0,9.0
Cliff_Bentz,32,6,26,0,0,0,0,0,0,0,0,0,0,0,0,0,0,0,32,19,3.0,3.0
Stephanie_Bice,39,8,31,0,0,0,0,0,0,0,0,0,0,0,0,0,0,0,39,28,11.0,11.0
Lauren_Boebert,238,109,119,4,0,2,4,0,0,0,0,0,0,0,0,0,0,0,238,208,97.0,97.0
Carolyn_Bourdeaux,46,20,25,0,0,0,0,0,0,0,0,0,0,0,0,0,0,0,45,40,13.0,13.0
Jamaal_Bowman,55,5,44,2,0,3,0,0,0,0,0,0,0,0,0,0,0,0,54,44,21.0,21.0
Cori_Bush,66,19,44,0,0,1,0,0,0,0,0,0,0,0,0,0,0,0,64,58,34.0,34.0
Kat_Cammack,73,7,66,0,0,0,0,0,0,0,0,0,0,0,0,0,0,0,73,62,23.0,23.0
Jerry_Carl,25,6,19,0,0,0,0,0,0,0,0,0,0,0,0,0,0,0,25,21,6.0,6.0
Madison_Cawthorn,144,85,57,0,0,2,0,0,0,0,0,0,0,0,0,0,0,0,144,132,69.0,69.0
Andrew_Clyde,36,24,11,0,0,1,0,0,0,0,0,0,0,0,0,0,0,0,36,34,12.0,12.0
Byron_Donalds,44,3,41,0,0,0,0,0,0,0,0,0,0,0,0,0,0,0,44,39,16.0,16.0
Pat_Fallon,34,8,26,0,0,0,0,0,0,0,0,0,0,0,0,0,0,0,34,28,5.0,5.0
Randy_Feenstra,37,26,11,0,0,0,0,0,0,0,0,0,0,0,0,0,0,0,37,37,9.0,9.0
Michelle_Fischbach,55,29,26,0,0,0,0,0,0,0,0,0,0,0,0,0,0,0,55,51,5.0,5.0
Scott_Fitzgerald,27,7,20,0,0,0,0,0,0,0,0,0,0,0,0,0,0,0,27,24,9.0,9.0
Scott_Franklin,21,1,20,0,0,0,0,0,0,0,0,0,0,0,0,0,0,0,21,16,2.0,2.0
Andrew_Garbarino,31,7,24,0,0,0,0,0,0,0,0,0,0,0,0,0,0,0,31,21,6.0,6.0
Carlos_Giménez,54,10,43,0,0,1,0,0,0,0,0,0,0,0,0,0,0,0,54,47,18.0,18.0
Tony_Gonzales,39,6,33,0,0,0,0,0,0,0,0,0,0,0,0,0,0,0,39,33,9.0,9.0
Bob_Good,47,8,39,0,0,0,0,0,0,0,0,0,0,0,0,0,0,0,47,40,16.0,16.0
Marjorie_Taylor_Greene,422,340,71,0,0,2,1,0,0,0,1,1,0,0,0,0,1,0,415,396,249.0,249.0
Diana_Harshbarger,20,6,14,0,0,0,0,0,0,0,0,0,0,0,0,0,0,0,20,20,6.0,6.0
Yvette_Herrell,61,14,45,0,0,0,0,2,0,0,0,0,0,0,0,0,0,0,59,47,20.0,20.0
Ashley_Hinson,27,6,21,0,0,0,0,0,0,0,0,0,0,0,0,0,0,0,27,25,5.0,5.0
Ronny_Jackson,65,48,16,0,0,1,0,0,0,0,0,0,0,0,0,0,0,0,65,63,45.0,45.0
Sara_Jacobs,38,7,31,0,0,0,0,0,0,0,0,0,0,0,0,0,0,0,38,34,5.0,5.0
Mondaire_Jones,47,10,32,0,0,1,1,0,0,0,0,0,0,0,0,0,0,0,44,35,14.0,14.0
Kai_Kahele,28,2,25,0,0,0,0,0,0,0,0,0,0,0,0,0,0,0,27,14,2.0,2.0
Young_Kim,54,23,29,0,0,0,0,0,0,0,0,2,0,0,0,0,0,0,54,46,15.0,15.0
Jake_LaTurner,28,14,14,0,0,0,0,0,0,0,0,0,0,0,0,0,0,0,28,24,4.0,4.0
Teresa_Leger_Fernandez,23,2,21,0,0,0,0,0,0,0,0,0,0,0,0,0,0,0,23,15,5.0,5.0
Nancy_Mace,76,30,42,1,0,1,0,0,0,0,0,0,0,0,0,1,0,0,74,64,26.0,26.0
Nicole_Malliotakis,80,11,68,0,0,0,0,0,0,0,0,0,0,0,0,0,1,0,79,51,25.0,25.0
Tracey_Mann,11,1,10,0,0,0,0,0,0,0,0,0,0,0,0,0,0,0,11,9,2.0,2.0
Kathy_Manning,23,7,16,0,0,0,0,0,0,0,0,0,0,0,0,0,0,0,23,17,3.0,3.0
Lisa_McClain,20,5,15,0,0,0,0,0,0,0,0,0,0,0,0,0,0,0,20,17,7.0,7.0
Peter_Meijer,73,22,50,0,0,0,0,0,0,0,0,0,0,0,0,0,0,0,72,63,27.0,27.0
Mary_Miller,75,32,42,0,0,0,0,0,0,0,0,0,0,0,0,0,0,0,74,68,25.0,25.0
Mariannette_Miller-Meeks,32,7,25,0,0,0,0,0,0,0,0,0,0,0,0,0,0,0,32,28,11.0,11.0
Barry_Moore,37,5,32,0,0,0,0,0,0,0,0,0,0,0,0,0,0,0,37,32,8.0,8.0
Blake_Moore,37,4,33,0,0,0,0,0,0,0,0,0,0,0,0,0,0,0,37,27,7.0,7.0
Frank_Mrvan,15,10,5,0,0,0,0,0,0,0,0,0,0,0,0,0,0,0,15,15,6.0,6.0
Troy_Nehls,35,10,25,0,0,0,0,0,0,0,0,0,0,0,0,0,0,0,35,25,6.0,6.0
Marie_Newman,64,34,25,1,0,3,0,1,0,0,0,0,0,0,0,0,0,0,63,57,35.0,35.0
Jay_Obernolte,78,29,48,1,0,0,0,0,0,0,0,0,0,0,0,0,0,0,78,61,7.0,7.0
Burgess_Owens,40,15,25,0,0,0,0,0,0,0,0,0,0,0,0,0,0,0,40,37,11.0,11.0
August_Pfluger,20,13,7,0,0,0,0,0,0,0,0,0,0,0,0,0,0,0,20,19,3.0,3.0
Matt_Rosendale,95,7,88,0,0,0,0,0,0,0,0,0,0,0,0,0,0,0,95,70,17.0,17.0
Deborah_Ross,37,11,25,0,0,0,0,0,0,0,0,0,0,0,0,0,0,0,36,30,9.0,9.0
María_Elvira_Salazar,76,36,40,0,0,0,0,0,0,0,0,0,0,0,0,0,0,0,76,69,20.0,20.0
Victoria_Spartz,74,25,44,0,0,2,0,0,0,0,0,3,0,0,0,0,0,0,74,53,28.0,28.0
Michelle_Steel,51,18,29,0,0,0,0,0,0,0,0,1,0,0,0,0,0,0,48,37,11.0,11.0
Marilyn_Strickland,27,3,24,0,0,0,0,0,0,0,0,0,0,0,0,0,0,0,27,16,5.0,5.0
Ritchie_Torres,66,15,47,0,0,4,0,0,0,0,0,0,0,0,0,0,0,0,66,50,22.0,22.0
Beth_Van_Duyne,31,4,27,0,0,0,0,0,0,0,0,0,0,0,0,0,0,0,31,28,10.0,10.0
Nikema_Williams,20,9,11,0,0,0,0,0,0,0,0,0,0,0,0,0,0,0,20,15,3.0,3.0
Julia_Letlow,24,4,19,0,0,0,0,0,0,0,0,0,0,1,0,0,0,0,23,21,9.0,9.0
Troy_Carter,24,0,23,0,0,0,0,0,0,0,0,0,0,0,0,0,0,0,23,16,2.0,2.0
Melanie_Stansbury,33,1,31,0,0,0,0,0,0,0,0,0,0,0,0,0,0,0,32,23,3.0,3.0
Jake_Ellzey,21,6,15,0,0,0,0,0,0,0,0,0,0,0,0,0,0,0,21,17,3.0,3.0
Shontel_Brown,18,0,17,0,0,0,0,0,0,0,0,0,0,0,0,0,0,0,17,11,3.0,3.0
Mike_Carey,26,5,21,0,0,0,0,0,0,0,0,0,0,0,0,0,0,0,26,21,9.0,9.0
Sheila_Cherfilus-McCormick,26,2,24,0,0,0,0,0,0,0,0,0,0,0,0,0,0,0,26,25,9.0,9.0
Connie_Conway,17,4,13,0,0,0,0,0,0,0,0,0,0,0,0,0,0,0,17,12,5.0,5.0
Mayra_Flores,34,16,17,0,0,0,0,0,0,0,0,0,0,0,0,0,0,0,33,32,17.0,17.0
Mike_Flood,21,5,16,0,0,0,0,0,0,0,0,0,0,0,0,0,0,0,21,13,1.0,1.0
Brad_Finstad,14,0,14,0,0,0,0,0,0,0,0,0,0,0,0,0,0,0,14,5,2.0,2.0
Mary_Peltola,55,29,23,2,0,0,0,0,0,0,0,1,0,0,0,0,0,0,55,50,11.0,11.0
Pat_Ryan,29,18,11,0,0,0,0,0,0,0,0,0,0,0,0,0,0,0,29,23,10.0,10.0
Joe_Sempolinski,10,4,6,0,0,0,0,0,0,0,0,0,0,0,0,0,0,0,10,8,1.0,1.0
Rudy_Yakym,9,2,6,0,0,0,1,0,0,0,0,0,0,0,0,0,0,0,9,5,2.0,2.0
Carol_Shea-Porter,37,24,11,1,0,0,0,0,0,0,0,0,0,0,0,0,0,0,36,34,14.0,14.0
John_Faso,59,34,24,1,0,0,0,0,0,0,0,0,0,0,0,0,0,0,59,51,29.0,29.0
Tom_Garrett,18,13,5,0,0,0,0,0,0,0,0,0,0,0,0,0,0,0,18,16,5.0,5.0
Ruben_Kihuen,27,12,15,0,0,0,0,0,0,0,0,0,0,0,0,0,0,0,27,25,9.0,9.0
Jason_Lewis,47,31,14,1,0,0,1,0,0,0,0,0,0,0,0,0,0,0,47,41,14.0,14.0
Scott_Taylor,55,33,19,1,0,2,0,0,0,0,0,0,0,0,0,0,0,0,55,46,13.0,13.0
Karen_Handel,106,56,46,0,0,2,1,0,0,0,0,1,0,0,0,0,0,0,106,98,44.0,44.0
Brenda_Jones,29,21,8,0,0,0,0,0,0,0,0,0,0,0,0,0,0,0,29,28,3.0,3.0
Mark_Alford,8,0,8,0,0,0,0,0,0,0,0,0,0,0,0,0,0,0,8,5,,0.0
Becca_Balint,57,52,5,0,0,0,0,0,0,0,0,0,0,0,0,0,0,0,57,56,2.0,2.0
Aaron_Bean,11,0,11,0,0,0,0,0,0,0,0,0,0,0,0,0,0,0,11,8,1.0,1.0
Josh_Brecheen,30,21,9,0,0,0,0,0,0,0,0,0,0,0,0,0,0,0,30,24,4.0,4.0
Nikki_Budzinski,19,4,15,0,0,0,0,0,0,0,0,0,0,0,0,0,0,0,19,13,5.0,5.0
Eric_Burlison,16,3,13,0,0,0,0,0,0,0,0,0,0,0,0,0,0,0,16,14,1.0,1.0
Yadira_Caraveo,23,2,21,0,0,0,0,0,0,0,0,0,0,0,0,0,0,0,23,18,4.0,4.0
Greg_Casar,90,5,80,2,0,2,0,0,0,0,0,0,0,0,0,0,0,0,89,55,15.0,15.0
Lori_Chavez-DeRemer,20,1,19,0,0,0,0,0,0,0,0,0,0,0,0,0,0,0,20,8,2.0,2.0
Juan_Ciscomani,12,1,11,0,0,0,0,0,0,0,0,0,0,0,0,0,0,0,12,11,4.0,4.0
Mike_Collins,8,1,7,0,0,0,0,0,0,0,0,0,0,0,0,0,0,0,8,7,3.0,3.0
Eli_Crane,22,7,15,0,0,0,0,0,0,0,0,0,0,0,0,0,0,0,22,21,10.0,10.0
Jasmine_Crockett,14,0,14,0,0,0,0,0,0,0,0,0,0,0,0,0,0,0,14,11,1.0,1.0
Anthony_D'Esposito,13,0,13,0,0,0,0,0,0,0,0,0,0,0,0,0,0,0,13,12,5.0,5.0
Don_Davis,8,6,2,0,0,0,0,0,0,0,0,0,0,0,0,0,0,0,8,7,2.0,2.0
Monica_De_La_Cruz,14,0,14,0,0,0,0,0,0,0,0,0,0,0,0,0,0,0,14,12,5.0,5.0
Chris_Deluzio,11,1,10,0,0,0,0,0,0,0,0,0,0,0,0,0,0,0,11,10,5.0,5.0
John_Duarte,14,4,10,0,0,0,0,0,0,0,0,0,0,0,0,0,0,0,14,11,6.0,6.0
Chuck_Edwards,11,2,9,0,0,0,0,0,0,0,0,0,0,0,0,0,0,0,11,8,1.0,1.0
Mike_Ezell,10,0,10,0,0,0,0,0,0,0,0,0,0,0,0,0,0,0,10,7,2.0,2.0
Valerie_Foushee,17,0,17,0,0,0,0,0,0,0,0,0,0,0,0,0,0,0,17,4,,0.0
Maxwell_Frost,38,12,26,0,0,0,0,0,0,0,0,0,0,0,0,0,0,0,38,30,17.0,17.0
Russell_Fry,19,8,11,0,0,0,0,0,0,0,0,0,0,0,0,0,0,0,19,16,4.0,4.0
Robert_Garcia,53,15,38,0,0,0,0,0,0,0,0,0,0,0,0,0,0,0,53,32,2.0,2.0
Marie_Gluesenkamp_Pérez,25,10,15,0,0,0,0,0,0,0,0,0,0,0,0,0,0,0,25,20,6.0,6.0
Dan_Goldman,50,29,18,2,0,0,1,0,0,0,0,0,0,0,0,0,0,0,50,38,15.0,15.0
Harriet_Hageman,35,13,21,1,0,0,0,0,0,0,0,0,0,0,0,0,0,0,35,29,15.0,15.0
Erin_Houchin,15,1,14,0,0,0,0,0,0,0,0,0,0,0,0,0,0,0,15,12,1.0,1.0
Val_Hoyle,18,6,12,0,0,0,0,0,0,0,0,0,0,0,0,0,0,0,18,9,,0.0
Wesley_Hunt,14,1,13,0,0,0,0,0,0,0,0,0,0,0,0,0,0,0,14,10,3.0,3.0
Glenn_Ivey,92,77,15,0,0,0,0,0,0,0,0,0,0,0,0,0,0,0,92,85,42.0,42.0
Jeff_Jackson,32,17,14,0,0,0,0,0,0,0,0,0,0,0,0,0,0,0,31,25,8.0,8.0
Jonathan_Jackson,26,17,9,0,0,0,0,0,0,0,0,0,0,0,0,0,0,0,26,22,6.0,6.0
John_James,61,43,16,0,0,0,0,0,0,0,0,1,0,0,0,0,0,0,60,57,16.0,16.0
Sydney_Kamlager,29,7,21,0,0,0,0,0,0,0,0,1,0,0,0,0,0,0,29,13,5.0,5.0
Thomas_Kean_Jr.,25,4,20,1,0,0,0,0,0,0,0,0,0,0,0,0,0,0,25,20,7.0,7.0
Jen_Kiggans,20,8,12,0,0,0,0,0,0,0,0,0,0,0,0,0,0,0,20,13,5.0,5.0
Kevin_Kiley,27,5,21,0,0,0,0,0,0,0,0,0,0,0,0,0,0,0,26,22,9.0,9.0
Nick_LaLota,9,1,8,0,0,0,0,0,0,0,0,0,0,0,0,0,0,0,9,7,2.0,2.0
Greg_Landsman,16,0,16,0,0,0,0,0,0,0,0,0,0,0,0,0,0,0,16,8,,0.0
Nick_Langworthy,24,2,22,0,0,0,0,0,0,0,0,0,0,0,0,0,0,0,24,21,2.0,2.0
Mike_Lawler,17,3,12,0,0,0,0,0,0,0,0,0,0,0,0,0,1,0,15,12,5.0,5.0
Laurel_Lee,13,5,8,0,0,0,0,0,0,0,0,0,0,0,0,0,0,0,13,11,1.0,1.0
Summer_Lee,25,12,12,0,0,1,0,0,0,0,0,0,0,0,0,0,0,0,25,20,5.0,5.0
Anna_Paulina_Luna,21,1,19,0,0,1,0,0,0,0,0,0,0,0,0,0,0,0,21,18,9.0,9.0
Morgan_Luttrell,41,1,40,0,0,0,0,0,0,0,0,0,0,0,0,0,0,0,41,33,16.0,16.0
Seth_Magaziner,20,3,17,0,0,0,0,0,0,0,0,0,0,0,0,0,0,0,20,14,3.0,3.0
Rich_McCormick,13,2,11,0,0,0,0,0,0,0,0,0,0,0,0,0,0,0,13,11,2.0,2.0
Morgan_McGarvey,18,8,10,0,0,0,0,0,0,0,0,0,0,0,0,0,0,0,18,17,1.0,1.0
Rob_Menendez,52,4,45,0,0,0,0,0,0,0,0,0,0,0,0,0,0,0,49,33,7.0,7.0
Max_Miller,30,9,21,0,0,0,0,0,0,0,0,0,0,0,0,0,0,0,30,26,12.0,12.0
Cory_Mills,12,1,11,0,0,0,0,0,0,0,0,0,0,0,0,0,0,0,12,12,4.0,4.0
Marc_Molinaro,41,8,33,0,0,0,0,0,0,0,0,0,0,0,0,0,0,0,41,30,9.0,9.0
Nathaniel_Moran,28,25,2,1,0,0,0,0,0,0,0,0,0,0,0,0,0,0,28,26,,0.0
Jared_Moskowitz,17,6,11,0,0,0,0,0,0,0,0,0,0,0,0,0,0,0,17,15,2.0,2.0
Kevin_Mullin,5,0,5,0,0,0,0,0,0,0,0,0,0,0,0,0,0,0,5,3,,0.0
Wiley_Nickel,53,6,47,0,0,0,0,0,0,0,0,0,0,0,0,0,0,0,53,31,3.0,3.0
Zach_Nunn,17,3,14,0,0,0,0,0,0,0,0,0,0,0,0,0,0,0,17,16,2.0,2.0
Andy_Ogles,25,7,18,0,0,0,0,0,0,0,0,0,0,0,0,0,0,0,25,15,5.0,5.0
Brittany_Pettersen,16,3,13,0,0,0,0,0,0,0,0,0,0,0,0,0,0,0,16,12,2.0,2.0
Delia_Ramirez,35,3,31,0,0,0,1,0,0,0,0,0,0,0,0,0,0,0,35,21,3.0,3.0
Andrea_Salinas,17,6,11,0,0,0,0,0,0,0,0,0,0,0,0,0,0,0,17,9,1.0,1.0
George_Santos,188,150,29,0,0,6,0,1,0,0,0,2,0,0,0,0,0,0,187,172,127.0,127.0
Hillary_Scholten,18,1,17,0,0,0,0,0,0,0,0,0,0,0,0,0,0,0,18,15,3.0,3.0
Keith_Self,17,9,7,0,0,0,0,0,0,0,0,1,0,0,0,0,0,0,17,14,8.0,8.0
Eric_Sorensen,6,0,6,0,0,0,0,0,0,0,0,0,0,0,0,0,0,0,6,3,,0.0
Dale_Strong,39,0,38,1,0,0,0,0,0,0,0,0,0,0,0,0,0,0,39,32,1.0,1.0
Emilia_Sykes,19,4,15,0,0,0,0,0,0,0,0,0,0,0,0,0,0,0,19,10,2.0,2.0
Shri_Thanedar,42,9,31,1,0,0,1,0,0,0,0,0,0,0,0,0,0,0,42,32,3.0,3.0
Jill_Tokuda,15,3,12,0,0,0,0,0,0,0,0,0,0,0,0,0,0,0,15,5,1.0,1.0
Derrick_Van_Orden,14,6,7,0,0,0,0,0,0,0,0,0,0,0,0,0,0,0,13,10,1.0,1.0
Gabe_Vasquez,15,4,11,0,0,0,0,0,0,0,0,0,0,0,0,0,0,0,15,10,4.0,4.0
Brandon_Williams,6,0,6,0,0,0,0,0,0,0,0,0,0,0,0,0,0,0,6,6,2.0,2.0
